timestamp,temperature,humidity,pressure,wind_speed,zscore,rolling_mean,rolling_std,first_difference
2024-03-01 00:00:00,27.48,63.08,1016.31,1.89,0.5134182671770703,,,
2024-03-01 01:00:00,24.31,42.9,1018.87,3.25,-0.12980593581170174,,,-3.1700000000000017
2024-03-01 02:00:00,28.24,46.52,1013.91,3.5,0.6676297480198038,,,3.9299999999999997
2024-03-01 03:00:00,32.62,67.43,1006.52,4.14,1.5563748612976647,,,4.379999999999999
2024-03-01 04:00:00,23.83,61.71,1015.0,4.58,-0.22720266055448113,,,-8.79
2024-03-01 05:00:00,23.83,58.16,1009.74,1.98,-0.22720266055448113,,,0.0
2024-03-01 06:00:00,32.9,60.18,1010.36,2.19,1.6131896173976195,27.601428571428567,3.936247911278915,9.07
2024-03-01 07:00:00,28.84,63.48,1015.93,1.74,0.7893756539482781,27.795714285714286,3.962729939250033,-4.059999999999999
2024-03-01 08:00:00,22.65,54.6,1019.19,2.77,-0.4666362755471469,27.55857142857143,4.245662212075711,-6.190000000000001
2024-03-01 09:00:00,27.71,52.22,1013.11,3.47,0.5600875311163188,27.482857142857142,4.2362000042715735,5.060000000000002
2024-03-01 10:00:00,22.68,61.96,1014.54,3.99,-0.46054898025072294,26.062857142857137,3.8780309191036384,-5.030000000000001
2024-03-01 11:00:00,22.67,50.22,1021.51,2.92,-0.46257807868286377,25.897142857142857,4.011823003264702,-0.00999999999999801
2024-03-01 12:00:00,26.21,64.08,1014.2,2.68,0.25572276629513346,26.237142857142857,3.9069157242242216,3.539999999999999
2024-03-01 13:00:00,15.43,42.97,1026.01,3.15,-1.9316453435531187,23.74142857142857,4.479294693629897,-10.780000000000001
2024-03-01 14:00:00,16.38,70.29,1015.83,2.16,-1.7388809924997015,21.961428571428574,4.58985994184074,0.9499999999999993
2024-03-01 15:00:00,22.19,64.73,1004.2,5.09,-0.5599748034256432,21.895714285714288,4.58164401768207,5.810000000000002
2024-03-01 16:00:00,19.94,62.56,1016.77,1.39,-1.0165219506574212,20.785714285714285,3.8153848960179486,-2.25
2024-03-01 17:00:00,26.57,69.83,1014.91,3.18,0.3287703098522178,21.34142857142857,4.378943664749252,6.629999999999999
2024-03-01 18:00:00,20.46,76.65,1019.45,5.02,-0.911008832186077,21.025714285714287,4.346741527254858,-6.109999999999999
2024-03-01 19:00:00,17.94,70.14,1016.37,3.01,-1.4223416370856683,19.844285714285714,3.791204105746425,-2.5199999999999996
2024-03-01 20:00:00,32.33,41.59,1012.31,2.81,1.4975310067655692,22.25857142857143,5.50522608851937,14.389999999999997
2024-03-01 21:00:00,23.87,47.2,1006.88,2.64,-0.21908626682591564,23.32857142857143,4.862610507986523,-8.459999999999997
2024-03-01 22:00:00,25.34,53.75,1011.95,2.82,0.07919120269884575,23.778571428571432,4.885384422169964,1.4699999999999989
2024-03-01 23:00:00,17.88,60.26,1008.75,4.37,-1.4345162276785162,23.484285714285715,5.206633132018097,-7.460000000000001
2024-03-02 00:00:00,22.28,65.18,1010.1,0.79,-0.5417129175363721,22.87142857142857,5.0324560888014,4.400000000000002
2024-03-02 01:00:00,25.55,52.74,1015.94,4.53,0.12180226977381187,23.59857142857143,4.993533914211554,3.2699999999999996
2024-03-02 02:00:00,19.25,61.87,1021.35,1.58,-1.1565297424751666,23.785714285714285,4.76546205224935,-6.300000000000001
2024-03-02 03:00:00,26.88,52.45,1014.97,2.73,0.39167236124859584,23.00714285714286,3.38093534536285,7.629999999999999
2024-03-02 04:00:00,22.0,53.88,1007.02,2.57,-0.5985276736363269,22.740000000000002,3.37526789060266,-4.879999999999999
2024-03-02 05:00:00,23.54,45.93,1015.22,3.59,-0.2860465150865768,22.482857142857142,3.208627506612519,1.5399999999999991
2024-03-02 06:00:00,21.99,50.77,1018.98,1.4,-0.6005567720684685,23.07,2.530322772559528,-1.5500000000000007
2024-03-02 07:00:00,34.26,46.48,1009.95,3.46,1.8891470041688274,24.78142857142857,4.87347045602149,12.27
2024-03-02 08:00:00,24.93,50.24,1012.33,5.02,-0.004001833018944939,24.692857142857147,4.862796569484529,-9.329999999999998
2024-03-02 09:00:00,19.71,70.54,1013.07,1.64,-1.0631912145966698,24.75857142857143,4.779377325452307,-5.219999999999999
2024-03-02 10:00:00,29.11,50.51,1009.08,3.19,0.8441613116160914,25.077142857142857,5.012962245637853,9.399999999999999
2024-03-02 11:00:00,18.9,86.32,1016.24,2.34,-1.2275481876001102,24.634285714285713,5.448152155067068,-10.21
2024-03-02 12:00:00,26.04,64.93,1012.4,3.43,0.22122809294873208,24.99142857142857,5.44640379385465,7.140000000000001
2024-03-02 13:00:00,15.2,61.85,1015.1,3.02,-1.9783146074923672,24.02142857142857,6.5607048111500665,-10.84
2024-03-02 14:00:00,18.36,51.42,1008.56,2.36,-1.3371195029357368,21.75,4.989402101788679,3.16
2024-03-02 15:00:00,25.98,67.0,1010.81,3.49,0.20905350235588493,21.900000000000002,5.115137665139941,7.620000000000001
2024-03-02 16:00:00,28.69,54.24,1016.61,4.8,0.7589391774661599,23.18285714285714,5.579362909525645,2.710000000000001
2024-03-02 17:00:00,25.86,61.22,1011.14,2.81,0.1847043211701899,22.71857142857143,5.120268315142049,-2.830000000000002
2024-03-02 18:00:00,24.42,85.6,1021.63,3.72,-0.10748585305814755,23.50714285714286,4.852204702626475,-1.4399999999999977
2024-03-02 19:00:00,23.49,59.04,1011.0,1.71,-0.2961920072472831,23.142857142857142,4.724393133111434,-0.9300000000000033
2024-03-02 20:00:00,17.61,71.49,1014.12,2.04,-1.4893018853463293,23.487142857142857,4.094979504571072,-5.879999999999999
2024-03-02 21:00:00,21.4,52.97,1017.66,3.47,-0.7202735795648013,23.92142857142857,3.590763282699232,3.789999999999999
2024-03-02 22:00:00,22.7,59.65,1005.91,4.48,-0.45649078338644056,23.45285714285714,3.489955655332955,1.3000000000000007
2024-03-02 23:00:00,30.29,77.71,1004.2,3.36,1.0835949266087572,23.68142857142857,3.9164585557679046,7.59
2024-03-03 00:00:00,26.72,53.73,1005.37,2.69,0.35920678633433606,23.804285714285715,4.008594338596583,-3.5700000000000003
2024-03-03 01:00:00,16.18,78.12,1019.31,3.0,-1.7794629611425261,22.627142857142854,4.906864967524965,-10.54
2024-03-03 02:00:00,26.62,67.08,1010.24,1.75,0.33891580201292415,23.074285714285715,5.13586687633437,10.440000000000001
2024-03-03 03:00:00,23.07,54.38,1025.79,3.6,-0.38141414139721463,23.854285714285712,4.548728236708429,-3.5500000000000007
2024-03-03 04:00:00,21.62,66.32,1010.18,3.88,-0.6756334140576936,23.885714285714283,4.529664656987525,-1.4499999999999993
2024-03-03 05:00:00,28.06,69.73,1013.92,2.55,0.6311059762412616,24.65142857142857,4.743797454119886,6.439999999999998
2024-03-03 06:00:00,30.15,66.22,1020.71,2.53,1.0551875485587798,24.631428571428575,4.716278294628189,2.09
2024-03-03 07:00:00,29.66,44.3,1023.03,3.27,0.9557617253838595,25.051428571428573,5.052215449917095,-0.48999999999999844
2024-03-03 08:00:00,20.8,52.73,1023.31,2.56,-0.842019485493275,25.71142857142857,3.861616365251863,-8.86
2024-03-03 09:00:00,23.45,57.52,1019.04,2.93,-0.3043084009758479,25.25857142857143,3.922700721745287,2.6499999999999986
2024-03-03 10:00:00,26.66,59.26,1018.12,5.1,0.3470321957414889,25.771428571428572,3.822269956328004,3.210000000000001
2024-03-03 11:00:00,29.88,66.21,1015.96,2.75,1.0004018908909664,26.951428571428572,3.5953137488098377,3.219999999999999
2024-03-03 12:00:00,22.6,61.78,1016.89,2.64,-0.47678176770785247,26.17142857142857,3.894545025080725,-7.279999999999998
2024-03-03 13:00:00,24.07,46.65,1010.24,2.35,-0.17850429818309108,25.302857142857142,3.5192551971769808,1.4699999999999989
2024-03-03 14:00:00,19.47,63.8,1008.91,3.74,-1.1118895769680597,23.847142857142853,3.5240777246712116,-4.600000000000001
2024-03-03 15:00:00,19.02,66.11,1012.98,2.82,-1.2031990064144151,23.592857142857145,3.8314127694003184,-0.4499999999999993
2024-03-03 16:00:00,29.06,65.6,1012.15,2.35,0.8340158194553852,24.39428571428571,4.348401457788283,10.04
2024-03-03 17:00:00,31.78,70.81,1010.73,4.32,1.3859305929978016,25.125714285714285,5.149789177376936,2.7200000000000024
2024-03-03 18:00:00,24.64,68.34,1016.48,4.42,-0.0628456875510406,24.377142857142854,4.705176986702042,-7.140000000000001
2024-03-03 19:00:00,30.02,64.59,1017.78,2.4,1.0288092689409438,25.437142857142856,5.0604766385711,5.379999999999999
2024-03-03 20:00:00,26.81,59.3,1013.44,1.13,0.37746867222360714,25.82857142857143,5.043042826744685,-3.210000000000001
2024-03-03 21:00:00,21.77,43.39,1020.39,4.01,-0.6451969375755754,26.157142857142862,4.616610279868829,-5.039999999999999
2024-03-03 22:00:00,26.81,64.3,1007.29,2.32,0.37746867222360714,27.27,3.3837060550034157,5.039999999999999
2024-03-03 23:00:00,32.69,62.08,1012.03,3.79,1.5705785503226535,27.788571428571426,3.93672210758914,5.879999999999999
2024-03-04 00:00:00,24.82,62.72,1009.42,1.03,-0.026321915772498414,26.794285714285714,3.6273813196430456,-7.869999999999997
2024-03-04 01:00:00,32.82,47.23,1003.67,3.89,1.59695682994049,27.962857142857143,4.103996890372922,8.0
2024-03-04 02:00:00,11.9,49.19,1012.59,1.79,-2.6479170900989746,25.374285714285715,7.163976682315621,-20.92
2024-03-04 03:00:00,29.11,70.53,1012.39,3.73,0.8441613116160914,25.70285714285714,7.292392644132001,17.21
2024-03-04 04:00:00,25.44,59.6,1020.57,3.01,0.09948218702025839,26.227142857142855,7.091679900384949,-3.669999999999998
2024-03-04 05:00:00,23.5,66.82,1016.15,2.05,-0.29416290881514157,25.754285714285714,7.156395408171301,-1.9400000000000013
2024-03-04 06:00:00,25.46,60.28,1007.88,2.59,0.10354038388454077,24.721428571428568,6.47815413157027,1.9600000000000009
2024-03-04 07:00:00,15.06,60.3,1022.27,3.69,-2.0067219855423444,23.327142857142857,7.43330503945074,-10.4
2024-03-04 08:00:00,23.9,69.38,1019.11,3.11,-0.21299897152949243,22.052857142857142,6.1963879647358855,8.839999999999998
2024-03-04 09:00:00,26.79,54.84,1015.91,3.58,0.37341047535932476,24.18,4.435805075368693,2.8900000000000006
2024-03-04 10:00:00,32.39,60.96,1011.87,4.98,1.509705597358417,24.648571428571433,5.157849773472885,5.600000000000001
2024-03-04 11:00:00,22.41,55.38,1008.2,1.44,-0.5153346379185362,24.215714285714288,5.207266900344995,-9.98
2024-03-04 12:00:00,20.96,55.66,1011.14,4.62,-0.8095539105790153,23.852857142857143,5.3519395683113915,-1.4499999999999993
2024-03-04 13:00:00,22.49,56.91,1018.44,3.1,-0.49910185046140665,23.428571428571427,5.320931712182958,1.5299999999999976
2024-03-04 14:00:00,29.58,62.22,1022.42,2.1,0.9395289379267293,25.502857142857142,4.234035562304262,7.09
2024-03-04 15:00:00,26.64,55.21,1020.72,1.67,0.34297399887720653,25.89428571428571,4.187556396208726,-2.9399999999999977
2024-03-04 16:00:00,22.35,72.56,1010.56,2.81,-0.5275092285113834,25.259999999999998,4.361903254314568,-4.289999999999999
2024-03-04 17:00:00,27.57,51.05,1007.4,3.92,0.5316801530663413,24.571428571428573,3.2999365073257017,5.219999999999999
2024-03-04 18:00:00,25.49,58.13,1013.7,2.87,0.10962767918096399,25.01142857142857,3.1663408353672695,-2.080000000000002
2024-03-04 19:00:00,29.84,55.6,1004.16,4.51,0.9922854971624018,26.28,3.049327794777081,4.350000000000001
2024-03-04 20:00:00,21.49,74.47,1014.62,1.55,-0.7020116936755302,26.13714285714286,3.2717870462776952,-8.350000000000001
2024-03-04 21:00:00,23.36,61.97,1012.26,2.99,-0.32257028686511896,25.248571428571427,3.0155122758354533,1.870000000000001
2024-03-04 22:00:00,23.04,70.32,1010.67,1.75,-0.38750143669363857,24.73428571428571,3.045493157343911,-0.3200000000000003
2024-03-04 23:00:00,17.68,45.14,1005.03,3.36,-1.4750981963213408,24.06714285714286,4.012745171266649,-5.359999999999999
2024-03-05 00:00:00,26.48,62.67,1015.57,3.89,0.3105084239629467,23.91142857142857,3.8728733027363043,8.8
2024-03-05 01:00:00,26.31,68.9,1010.34,2.58,0.2760137506165454,24.02857142857143,3.9403909644070785,-0.1700000000000017
2024-03-05 02:00:00,25.03,60.82,1007.15,0.4,0.016289151302467705,23.34142857142857,3.0845065978825414,-1.2799999999999976
2024-03-05 03:00:00,23.83,70.65,998.64,3.2,-0.22720266055448113,23.675714285714285,2.975280699042566,-1.2000000000000028
2024-03-05 04:00:00,17.92,54.83,1012.86,3.44,-1.4263998339499506,22.898571428571426,3.6949218691398036,-5.909999999999997
2024-03-05 05:00:00,22.9,74.09,1021.86,3.4,-0.41590881474361596,22.87857142857143,3.694407614090191,4.979999999999997
2024-03-05 06:00:00,23.29,82.99,1021.31,4.24,-0.33677397589010766,23.68,2.902297940138695,0.39000000000000057
2024-03-05 07:00:00,20.99,56.37,1010.71,1.93,-0.803466615282592,22.895714285714284,2.7577276705218496,-2.3000000000000007
2024-03-05 08:00:00,24.19,55.54,1009.99,3.68,-0.15415511699739606,22.592857142857145,2.415441397106769,3.200000000000003
2024-03-05 09:00:00,27.02,74.53,1015.34,4.19,0.4200797392985733,22.87714285714286,2.831381961079037,2.8299999999999983
2024-03-05 10:00:00,34.43,75.8,1008.01,1.22,1.9236416775152287,24.391428571428573,5.23783488530464,7.41
2024-03-05 11:00:00,25.87,54.77,1014.51,3.32,0.18673341960233147,25.527142857142856,4.394833005116024,-8.559999999999999
2024-03-05 12:00:00,26.29,55.8,1016.83,2.5,0.271955553752263,26.011428571428574,4.241180765507914,0.41999999999999815
2024-03-05 13:00:00,24.63,57.18,1019.13,2.92,-0.06487478598318215,26.202857142857145,4.126567234743323,-1.6600000000000001
2024-03-05 14:00:00,15.41,46.56,1012.5,3.35,-1.935703540417401,25.405714285714286,5.583236388639529,-9.219999999999999
2024-03-05 15:00:00,24.87,50.81,1011.98,2.51,-0.01617642361179209,25.502857142857145,5.564442812135264,9.46
2024-03-05 16:00:00,25.3,49.96,1008.61,2.32,0.07107480897028098,25.257142857142856,5.524112943226614,0.4299999999999997
2024-03-05 17:00:00,37.32,52.32,1008.87,3.03,2.510051124404046,25.669999999999998,6.367534844820247,12.02
2024-03-05 18:00:00,24.04,59.65,1011.87,1.91,-0.184591593479515,25.40857142857143,6.395460443604845,-13.280000000000001
2024-03-05 19:00:00,26.51,62.34,1014.84,1.91,0.31659571925937063,25.439999999999998,6.401051996872598,2.4700000000000024
2024-03-05 20:00:00,24.83,75.51,1017.57,3.68,-0.024292817340357584,25.46857142857143,6.397279183557721,-1.6800000000000033
2024-03-05 21:00:00,19.16,50.02,1008.98,1.85,-1.1747916283644377,26.004285714285714,5.510072162693993,-5.669999999999998
2024-03-05 22:00:00,30.71,69.84,1020.46,3.67,1.1688170607586894,26.83857142857143,5.746742348413373,11.55
2024-03-05 23:00:00,28.76,57.86,1011.64,3.46,0.7731428664911486,27.332857142857144,5.741148881207534,-1.9499999999999993
2024-03-06 00:00:00,28.96,59.51,1012.89,1.27,0.8137248351339732,26.138571428571428,3.8876960982542044,0.1999999999999993
2024-03-06 01:00:00,20.45,66.75,1009.26,2.32,-0.9130379306182186,25.625714285714285,4.412100244943282,-8.510000000000002
2024-03-06 02:00:00,32.01,48.77,1000.88,4.19,1.4325998569370495,26.41142857142857,5.0407586352698575,11.559999999999999
2024-03-06 03:00:00,17.99,63.82,1017.42,2.02,-1.4121961449249627,25.434285714285714,5.974827353552728,-14.02
2024-03-06 04:00:00,27.93,61.66,1016.68,2.54,0.6047276966234257,26.687142857142856,5.323935619087678,9.940000000000001
2024-03-06 05:00:00,35.95,64.92,1011.59,3.46,2.232064639200697,27.435714285714287,6.26844440336638,8.020000000000003
2024-03-06 06:00:00,20.05,62.89,1013.33,3.78,-0.9942018679038677,26.19142857142857,6.803402160124078,-15.900000000000002
2024-03-06 07:00:00,22.17,84.55,1015.58,2.75,-0.5640330002899255,25.221428571428568,6.826886622200558,2.120000000000001
2024-03-06 08:00:00,25.5,53.62,1005.19,2.4,0.11165677761310554,25.942857142857143,6.4975141766825315,3.3299999999999983
2024-03-06 09:00:00,22.48,54.69,1010.35,4.42,-0.5011309488935475,24.58142857142857,5.993230705196844,-3.0199999999999996
2024-03-06 10:00:00,17.25,53.77,1016.97,4.74,-1.5623494289034137,24.475714285714282,6.133753220616928,-5.23
2024-03-06 11:00:00,25.34,54.45,1006.73,3.98,0.07919120269884575,24.10571428571428,5.96649214961593,8.09
2024-03-06 12:00:00,19.69,53.63,1014.47,3.09,-1.067249411460952,21.782857142857146,3.0286394871058846,-5.649999999999999
2024-03-06 13:00:00,27.37,71.89,1006.22,2.19,0.49109818442351677,22.828571428571426,3.549523106800993,7.68
2024-03-06 14:00:00,20.4,74.21,1015.33,2.17,-0.9231834227789248,22.575714285714287,3.66540974127429,-6.970000000000002
2024-03-06 15:00:00,32.75,54.29,1012.82,3.52,1.5827531409155013,23.611428571428572,5.292559017373436,12.350000000000001
2024-03-06 16:00:00,21.08,51.68,1004.92,3.42,-0.7852047293933209,23.41142857142857,5.368349928272267,-11.670000000000002
2024-03-06 17:00:00,23.39,64.71,1018.82,4.4,-0.316482991568695,24.28857142857143,4.646982635974398,2.3100000000000023
2024-03-06 18:00:00,29.07,54.48,1009.33,3.65,0.8360449178875267,24.821428571428573,4.988915809309765,5.68
2024-03-06 19:00:00,18.85,66.33,1008.95,1.5,-1.2376936797608158,24.701428571428576,5.140708215059566,-10.219999999999999
2024-03-06 20:00:00,26.14,62.03,1014.0,4.05,0.24151907727014474,24.525714285714287,5.054591500615572,7.289999999999999
2024-03-06 21:00:00,31.54,44.84,1018.74,2.0,1.3372322306264117,26.117142857142856,5.2874622592371425,5.399999999999999
2024-03-06 22:00:00,16.96,75.48,1007.92,2.62,-1.6211932834355094,23.861428571428572,5.353881546975758,-14.579999999999998
2024-03-06 23:00:00,25.92,77.96,1013.31,3.25,0.1968789117630378,24.552857142857142,5.246254900039686,8.96
2024-03-07 00:00:00,26.3,53.87,1015.14,5.0,0.27398465218440454,24.96857142857143,5.254041075119948,0.379999999999999
2024-03-07 01:00:00,28.91,56.12,1016.47,6.11,0.8035793429732669,24.945714285714285,5.233532449957854,2.6099999999999994
2024-03-07 02:00:00,18.82,62.86,1013.88,3.61,-1.2437809750572397,24.941428571428567,5.239365192372791,-10.09
2024-03-07 03:00:00,18.4,63.34,1011.16,2.82,-1.329003109207172,23.835714285714285,5.737321840786155,-0.4200000000000017
2024-03-07 04:00:00,27.61,66.59,1008.86,3.53,0.5397965467949061,23.274285714285718,5.003065250899875,9.21
2024-03-07 05:00:00,26.48,80.1,1013.43,3.89,0.3105084239629467,24.634285714285713,4.235626113271629,-1.129999999999999
2024-03-07 06:00:00,26.25,58.23,1007.64,2.68,0.2638391600236982,24.68142857142857,4.254117333327119,-0.23000000000000043
2024-03-07 07:00:00,26.73,52.02,998.39,4.8,0.3612358847664776,24.74285714285714,4.284381380027199,0.4800000000000004
2024-03-07 08:00:00,21.6,46.21,1015.18,3.23,-0.679691610921976,23.69857142857143,3.979411298887591,-5.129999999999999
2024-03-07 09:00:00,26.16,52.69,1017.52,3.5,0.24557727413442712,24.747142857142855,3.405288603949807,4.559999999999999
2024-03-07 10:00:00,26.47,59.67,1001.19,3.67,0.30847932553080515,25.900000000000002,1.9559481929062688,0.3099999999999987
2024-03-07 11:00:00,21.43,77.95,1007.95,3.42,-0.7141862842683774,25.017142857142858,2.39983134328028,-5.039999999999999
2024-03-07 12:00:00,34.33,54.82,1016.1,3.84,1.9033506931938162,26.138571428571428,4.288381313003106,12.899999999999999
2024-03-07 13:00:00,27.37,62.24,1023.29,2.38,0.49109818442351677,26.298571428571428,4.314048479759384,-6.959999999999997
2024-03-07 14:00:00,19.04,59.84,1013.1,2.44,-1.1991408095501328,25.2,5.094421785966812,-8.330000000000002
2024-03-07 15:00:00,28.28,71.88,1009.36,1.9,0.6757461417483692,26.154285714285713,4.9306958844327315,9.240000000000002
2024-03-07 16:00:00,20.13,85.27,1012.09,3.44,-0.9779690804467381,25.29285714285714,5.430901442319723,-8.150000000000002
2024-03-07 17:00:00,28.94,54.69,1019.87,3.78,0.8096666382696909,25.645714285714284,5.597805692539581,8.810000000000002
2024-03-07 18:00:00,30.79,55.11,1009.77,3.46,1.185049848215819,26.982857142857142,5.5405827439771285,1.8499999999999979
2024-03-07 19:00:00,20.9,70.44,1009.0,4.67,-0.8217285011718631,25.064285714285713,4.855281856366515,-9.89
2024-03-07 20:00:00,29.82,66.82,1010.59,2.99,0.9882273002981193,25.414285714285715,5.12974286926371,8.920000000000002
2024-03-07 21:00:00,27.06,78.47,1008.23,3.67,0.42819613302713805,26.560000000000002,4.296777862538392,-2.7600000000000016
2024-03-07 22:00:00,29.11,65.84,1013.61,1.91,0.8441613116160914,26.678571428571427,4.36309304878786,2.0500000000000007
2024-03-07 23:00:00,34.48,56.41,1021.12,2.61,1.9337871696759343,28.728571428571428,4.138850196900216,5.369999999999997
2024-03-08 00:00:00,23.77,65.91,1014.62,3.7,-0.2393772511473283,27.990000000000002,4.536974028285078,-10.709999999999997
2024-03-08 01:00:00,21.23,71.09,1011.74,3.85,-0.754768252911202,26.624285714285712,4.9716893746588005,-2.539999999999999
2024-03-08 02:00:00,20.55,68.2,1011.54,2.71,-0.8927469462968058,26.574285714285715,5.040141721363452,-0.6799999999999997
2024-03-08 03:00:00,20.92,65.07,1005.18,2.93,-0.81767030430758,25.30285714285714,5.204785343910968,0.370000000000001
2024-03-08 04:00:00,24.61,70.67,1017.42,1.48,-0.06893298284746453,24.952857142857145,5.149008688688573,3.6899999999999977
2024-03-08 05:00:00,26.71,71.69,1012.61,2.64,0.35717768790219523,24.610000000000003,4.899942176529563,2.1000000000000014
2024-03-08 06:00:00,26.38,73.82,1012.1,3.89,0.29021743964153407,23.452857142857145,2.5948584693948917,-0.33000000000000185
2024-03-08 07:00:00,29.14,66.49,1028.97,3.58,0.8502486069125154,24.22,3.3794279594826797,2.7600000000000016
2024-03-08 08:00:00,25.07,58.33,1014.49,3.5,0.024405545031032472,24.768571428571427,3.114457837095818,-4.07
2024-03-08 09:00:00,32.27,61.47,1009.24,3.05,1.4853564161727226,26.442857142857143,3.5835630048212876,7.200000000000003
2024-03-08 10:00:00,23.68,72.07,1010.87,3.01,-0.25763913703659935,26.837142857142858,2.974747688380274,-8.590000000000003
2024-03-08 11:00:00,38.6,51.83,1018.74,2.34,2.769775723718124,28.835714285714285,5.140352961755503,14.920000000000002
2024-03-08 12:00:00,28.13,63.69,1013.57,3.7,0.6453096652662503,29.038571428571426,5.070021132669398,-10.470000000000002
2024-03-08 13:00:00,20.71,56.07,1005.81,3.42,-0.8602813713825461,28.228571428571428,5.943274710604776,-7.419999999999998
2024-03-08 14:00:00,19.65,60.29,1017.6,3.49,-1.0753658051895176,26.872857142857146,6.730905620805454,-1.0600000000000023
2024-03-08 15:00:00,27.41,72.78,1009.66,2.47,0.49921457815208153,27.20714285714286,6.684391556169526,7.760000000000002
2024-03-08 16:00:00,23.88,61.91,1022.37,0.85,-0.2170571683937748,26.00857142857143,6.370084846560595,-3.530000000000001
2024-03-08 17:00:00,28.57,60.46,1018.4,4.1,0.734589996280465,26.707142857142856,6.340222694000881,4.690000000000001
2024-03-08 18:00:00,27.37,46.4,1010.76,2.52,0.49109818442351677,25.102857142857143,3.7007598962272263,-1.1999999999999993
2024-03-08 19:00:00,24.64,67.46,1019.41,2.14,-0.0628456875510406,24.604285714285716,3.451675231646489,-2.7300000000000004
2024-03-08 20:00:00,20.77,66.45,1013.34,3.69,-0.8481067807896989,24.61285714285714,3.4404491677963236,-3.870000000000001
2024-03-08 21:00:00,17.43,81.63,1017.26,2.61,-1.5258256571248716,24.295714285714286,4.0265694958316365,-3.34
2024-03-08 22:00:00,22.77,56.92,1015.42,4.06,-0.44228709436145186,23.632857142857144,3.8042288499585646,5.34
2024-03-08 23:00:00,29.28,62.19,1008.77,3.62,0.8786559849624928,24.404285714285717,4.368378254161206,6.510000000000002
2024-03-09 00:00:00,26.07,62.49,1009.78,3.68,0.227315388245156,24.04714285714286,4.062530879003514,-3.210000000000001
2024-03-09 01:00:00,18.77,75.77,1018.15,1.63,-1.253926467217946,22.81857142857143,4.188597333123289,-7.300000000000001
2024-03-09 02:00:00,25.87,59.05,1011.33,4.21,0.18673341960233147,22.994285714285713,4.302006729976351,7.100000000000001
2024-03-09 03:00:00,26.93,62.79,1010.98,3.26,0.40181785340930215,23.874285714285715,4.400097942632849,1.0599999999999987
2024-03-09 04:00:00,20.58,66.08,1008.22,2.63,-0.8866596510003827,24.324285714285715,3.7432421648568015,-6.350000000000001
2024-03-09 05:00:00,25.77,61.87,1015.12,3.14,0.16644243528091882,24.752857142857142,3.707194421147941,5.190000000000001
2024-03-09 06:00:00,25.29,55.54,1023.31,1.22,0.06904571053813942,24.18285714285714,3.1617227070365295,-0.4800000000000004
2024-03-09 07:00:00,19.29,61.94,1007.66,3.41,-1.148413348746602,23.214285714285715,3.5069162956594524,-6.0
2024-03-09 08:00:00,26.79,70.74,1013.12,1.97,0.37341047535932476,24.359999999999996,3.0993601490199976,7.5
2024-03-09 09:00:00,27.8,49.73,1020.06,1.65,0.5783494170055898,24.635714285714283,3.333105944625099,1.0100000000000016
2024-03-09 10:00:00,30.42,61.33,1012.6,1.48,1.1099732062265937,25.134285714285713,3.939369057530471,2.620000000000001
2024-03-09 11:00:00,30.27,53.0,1015.26,4.11,1.079536729744475,26.518571428571427,3.7712085974809506,-0.15000000000000213
2024-03-09 12:00:00,18.11,71.95,1007.69,2.37,-1.3878469637392676,25.424285714285713,4.9513225746355065,-12.16
2024-03-09 13:00:00,20.31,44.77,1015.14,4.53,-0.941445308668196,24.71285714285714,5.318028188109175,2.1999999999999993
2024-03-09 14:00:00,27.58,54.41,1012.06,2.46,0.5337092514984821,25.897142857142857,4.807701163361802,7.27
2024-03-09 15:00:00,27.57,63.77,1017.93,1.29,0.5316801530663413,26.00857142857143,4.84076932099099,-0.00999999999999801
2024-03-09 16:00:00,27.58,75.66,1018.94,1.88,0.5337092514984821,25.977142857142855,4.827897107042613,0.00999999999999801
2024-03-09 17:00:00,44.26,59.34,1025.95,4.24,3.918245436310063,27.954285714285714,8.436150103656793,16.68
2024-03-09 18:00:00,27.85,54.45,1015.9,2.84,0.5884949091662962,27.608571428571427,8.374798362888956,-16.409999999999997
2024-03-09 19:00:00,30.68,78.81,1014.63,2.45,1.1627297654622655,29.404285714285717,7.273950914376716,2.8299999999999983
2024-03-09 20:00:00,29.77,45.52,1013.97,3.16,0.9780818081374131,30.755714285714284,6.084205938720506,-0.9100000000000001
2024-03-09 21:00:00,28.26,38.01,1011.23,3.5,0.6716879448840869,30.852857142857143,6.030239669879667,-1.509999999999998
2024-03-09 22:00:00,23.42,64.4,1014.69,4.12,-0.3103956962722711,30.259999999999998,6.585243604706912,-4.84
2024-03-09 23:00:00,28.79,54.98,1011.52,4.45,0.7792301617875719,30.43285714285715,6.518715912114678,5.369999999999997
2024-03-10 00:00:00,21.14,49.79,1013.84,2.64,-0.773030138800473,27.13,3.5063561332718702,-7.649999999999999
2024-03-10 01:00:00,23.82,67.08,1019.59,1.67,-0.22923175898662196,26.554285714285715,3.6942471363948877,2.6799999999999997
2024-03-10 02:00:00,22.57,62.44,1007.97,2.59,-0.4828690630042764,25.395714285714284,3.448230740263062,-1.25
2024-03-10 03:00:00,25.41,54.36,1018.7,3.26,0.09339489172383446,24.772857142857145,2.8720475523321407,2.84
2024-03-10 04:00:00,36.57,47.2,1019.59,2.04,2.357868741993453,25.96,5.270028462921231,11.16
2024-03-10 05:00:00,15.66,68.72,1012.41,2.04,-1.8849760796138701,24.851428571428574,6.553308143147819,-20.91
2024-03-10 06:00:00,28.43,66.5,1002.39,3.34,0.7061826182304874,24.800000000000004,6.518568349977872,12.77
2024-03-10 07:00:00,16.94,59.01,1009.96,2.95,-1.6252514802997917,24.2,7.08065910303082,-11.489999999999998
2024-03-10 08:00:00,22.64,78.47,1019.48,3.03,-0.4686653739792877,24.031428571428574,7.1052173989058325,5.699999999999999
2024-03-10 09:00:00,30.44,49.3,1012.89,2.24,1.1140314030908762,25.15571428571429,7.449726744748996,7.800000000000001
2024-03-10 10:00:00,25.32,44.74,1008.0,2.77,0.07513300583456337,25.142857142857142,7.449292392090476,-5.120000000000001
2024-03-10 11:00:00,19.61,53.08,1010.48,2.08,-1.0834821989180823,22.72,5.6552777709557756,-5.710000000000001
2024-03-10 12:00:00,21.42,59.54,1017.2,3.89,-0.7162153827005182,23.542857142857144,4.8131719073313475,1.8100000000000023
2024-03-10 13:00:00,28.4,62.43,1015.73,4.04,0.7000953229340635,23.53857142857143,4.808105755116126,6.979999999999997
2024-03-10 14:00:00,21.35,57.59,1011.81,1.15,-0.7304190717255069,24.16857142857143,4.024460330576118,-7.049999999999997
2024-03-10 15:00:00,26.08,63.52,1011.17,2.07,0.22934448667729687,24.66,4.016719225105637,4.729999999999997
2024-03-10 16:00:00,25.23,47.48,1011.04,1.5,0.05687111994529227,23.915714285714284,3.1581368829467236,-0.8499999999999979
2024-03-10 17:00:00,21.74,74.44,1008.39,2.35,-0.6512842328719993,23.404285714285713,3.1826030077221024,-3.490000000000002
2024-03-10 18:00:00,35.72,59.18,1021.08,2.92,2.185395375261448,25.705714285714286,5.179735698350043,13.98
2024-03-10 19:00:00,28.17,71.17,1011.39,1.55,0.6534260589948158,26.669999999999998,4.86782634584814,-7.549999999999997
2024-03-10 20:00:00,14.87,63.43,1019.09,2.08,-2.045274855753028,24.737142857142857,6.4842108599420465,-13.300000000000002
2024-03-10 21:00:00,25.93,64.57,1020.61,2.0,0.19890801019517862,25.391428571428573,6.314315556921499,11.06
2024-03-10 22:00:00,21.69,65.7,1017.99,3.21,-0.6614297250327049,24.764285714285716,6.451056391896483,-4.239999999999998
2024-03-10 23:00:00,29.26,64.48,1010.84,3.07,0.8745977880982104,25.34,6.675467524201325,7.57
2024-03-11 00:00:00,21.04,66.43,1015.02,2.28,-0.7933211231218856,25.240000000000002,6.7432830777497825,-8.220000000000002
2024-03-11 01:00:00,24.43,73.29,1012.88,3.18,-0.10545675462600672,23.627142857142854,4.923544503321808,3.3900000000000006
2024-03-11 02:00:00,27.52,61.97,1008.48,2.45,0.521534660905635,23.534285714285716,4.828805432481393,3.09
2024-03-11 03:00:00,29.33,67.09,1014.62,2.73,0.8888014771231985,25.599999999999998,3.3801972329042025,1.8099999999999987
2024-03-11 04:00:00,19.0,59.1,1007.1,4.67,-1.2072572032786975,24.609999999999996,4.186183623938782,-10.329999999999998
2024-03-11 05:00:00,23.33,74.4,1018.94,4.34,-0.3286575821615429,24.844285714285714,4.03882349677417,4.329999999999998
2024-03-11 06:00:00,22.63,53.24,1010.68,1.7,-0.47069447241142925,23.897142857142857,3.5823070512623167,-0.6999999999999993
2024-03-11 07:00:00,21.73,78.01,1014.01,3.83,-0.6533133313041402,23.995714285714286,3.499113493171541,-0.8999999999999986
2024-03-11 08:00:00,33.83,59.6,1014.42,3.81,1.8018957715867543,25.33857142857143,5.121270768638793,12.099999999999998
2024-03-11 09:00:00,27.02,45.69,1011.71,1.85,0.4200797392985733,25.267142857142854,5.089160750345486,-6.809999999999999
2024-03-11 10:00:00,18.7,61.28,1015.93,3.82,-1.2681301562429348,23.74857142857143,5.25793821623212,-8.32
2024-03-11 11:00:00,29.59,53.19,1010.63,4.54,0.9415580363588708,25.26142857142857,5.1869658072628715,10.89
2024-03-11 12:00:00,35.61,68.41,1017.36,1.88,2.1630752925078944,27.015714285714285,6.367202046799029,6.02
2024-03-11 13:00:00,30.16,53.47,1006.27,2.08,1.0572166469909214,28.09142857142857,6.134594332068539,-5.449999999999999
2024-03-11 14:00:00,17.4,55.54,1013.63,4.02,-1.5319129524212955,27.472857142857144,7.035149167538926,-12.760000000000002
2024-03-11 15:00:00,22.58,41.1,1022.69,3.27,-0.48083996457213557,25.865714285714287,6.613198563334924,5.18
2024-03-11 16:00:00,31.33,55.48,1008.0,3.55,1.2946211635514455,26.481428571428573,6.931554487923144,8.75
2024-03-11 17:00:00,21.46,35.76,1009.61,3.34,-0.7080989889719534,26.875714285714288,6.478870418889526,-9.869999999999997
2024-03-11 18:00:00,27.22,44.16,1015.57,3.39,0.4606617079413978,26.53714285714286,6.374471780170521,5.759999999999998
2024-03-11 19:00:00,28.87,67.6,1013.9,1.67,0.7954629492447021,25.57428571428571,5.171060036855286,1.6500000000000021
2024-03-11 20:00:00,20.37,67.86,1014.75,4.05,-0.9292707180753481,24.175714285714285,5.046499965794295,-8.5
2024-03-11 21:00:00,24.7,64.25,1015.45,4.17,-0.05067109695819344,25.21857142857143,4.073382822550259,4.329999999999998
2024-03-11 22:00:00,8.79,50.33,1016.17,2.77,-3.278966702494899,23.24857142857143,7.475786309973078,-15.91
2024-03-11 23:00:00,19.88,59.52,1018.55,2.96,-1.028696541250269,21.61285714285714,6.61605550733898,11.09
2024-03-12 00:00:00,23.74,59.96,1015.05,1.47,-0.24546454644375224,21.93857142857143,6.663231019486537,3.8599999999999994
2024-03-12 01:00:00,18.76,48.42,1011.79,3.51,-1.255955565650087,20.73,6.303136785231091,-4.979999999999997
2024-03-12 02:00:00,33.16,75.03,1016.36,3.57,1.6659461766332913,21.342857142857138,7.348393734428664,14.399999999999995
2024-03-12 03:00:00,17.85,68.77,1022.5,2.94,-1.4406035229749394,20.982857142857142,7.46480344524827,-15.309999999999995
2024-03-12 04:00:00,22.8,57.79,1012.34,4.12,-0.4361997990650279,20.71142857142857,7.340627649303175,4.949999999999999
2024-03-12 05:00:00,25.65,60.27,1008.13,2.67,0.14209325409522378,23.12,5.243557952383089,2.849999999999998
2024-03-12 06:00:00,32.21,62.08,1018.54,3.56,1.4731818255798748,24.881428571428568,5.991403365298832,6.560000000000002
2024-03-12 07:00:00,17.82,39.58,1012.4,1.98,-1.4466908182713634,24.035714285714285,6.569319744445525,-14.39
2024-03-12 08:00:00,30.82,57.53,1002.14,2.98,1.1911371435122429,25.75857142857143,6.536455279358033,13.0
2024-03-12 09:00:00,25.05,53.18,1017.24,2.83,0.02034734816675009,24.6,5.666809802113817,-5.77
2024-03-12 10:00:00,20.09,49.98,1010.32,3.23,-0.9860854741753029,24.919999999999998,5.27157787890241,-4.960000000000001
2024-03-12 11:00:00,27.31,57.19,1012.55,2.63,0.4789235938306689,25.564285714285717,5.244825567937901,7.219999999999999
2024-03-12 12:00:00,26.0,77.98,1014.66,2.87,0.21311169922016732,25.614285714285717,5.247446544567665,-1.3099999999999987
2024-03-12 13:00:00,22.0,66.41,1013.95,3.83,-0.5985276736363269,24.155714285714286,4.469932352742618,-4.0
2024-03-12 14:00:00,25.35,54.29,1016.55,2.56,0.0812203011309873,25.231428571428573,3.489667742404833,3.3500000000000014
2024-03-12 15:00:00,23.07,65.73,1010.82,1.39,-0.38141414139721463,24.124285714285715,2.5141589524322363,-2.280000000000001
2024-03-12 16:00:00,25.57,73.99,1015.57,4.75,0.12586046663809425,24.19857142857143,2.553444918611105,2.5
2024-03-12 17:00:00,28.31,69.25,1011.7,4.38,0.6818334370447925,25.372857142857146,2.2170304033827986,2.7399999999999984
2024-03-12 18:00:00,32.93,60.6,1016.69,1.71,1.6192769126940434,26.175714285714285,3.6133357494280967,4.620000000000001
2024-03-12 19:00:00,18.81,53.53,1016.08,3.69,-1.2458100734893813,25.148571428571426,4.5675464915401625,-14.120000000000001
2024-03-12 20:00:00,35.67,66.98,1008.32,2.5,2.1752498831007423,27.101428571428567,5.7629027077547885,16.860000000000003
2024-03-12 21:00:00,15.24,63.93,1018.43,3.26,-1.970198213763802,25.657142857142855,7.329057952847035,-20.43
2024-03-12 22:00:00,24.24,68.95,1010.32,3.29,-0.14400962483669044,25.824285714285715,7.273352865409583,8.999999999999998
2024-03-12 23:00:00,27.94,66.35,1017.04,2.77,0.6067567950555672,26.162857142857142,7.314587512374867,3.700000000000003
2024-03-13 00:00:00,26.4,70.5,1014.84,2.22,0.29427563650581645,25.889999999999997,7.256537282570331,-1.5400000000000027
2024-03-13 01:00:00,21.89,54.65,1022.19,2.31,-0.6208477563898803,24.312857142857144,6.645433806471205,-4.509999999999998
2024-03-13 02:00:00,23.96,73.17,1011.88,2.08,-0.20082438093664456,25.048571428571428,6.2051710386618275,2.0700000000000003
2024-03-13 03:00:00,22.53,61.98,1011.25,2.17,-0.49098545673284116,23.171428571428574,4.08018965478904,-1.4299999999999997
2024-03-13 04:00:00,22.05,80.75,1012.9,2.93,-0.5883821814756206,24.14428571428571,2.2953783794315448,-0.4800000000000004
2024-03-13 05:00:00,29.25,53.11,1011.48,2.28,0.8725686896660688,24.859999999999996,3.0023879385138112,7.199999999999999
2024-03-13 06:00:00,26.79,77.36,1017.0,3.68,0.37341047535932476,24.695714285714285,2.8324186198539074,-2.460000000000001
2024-03-13 07:00:00,21.54,61.98,1004.92,4.49,-0.6918662015148239,24.00142857142857,2.9386869435822573,-5.25
2024-03-13 08:00:00,29.5,53.49,1007.73,2.42,0.9232961504695998,25.08857142857143,3.398977437266611,7.960000000000001
2024-03-13 09:00:00,26.54,55.16,1007.66,3.24,0.32268301455579385,25.457142857142856,3.396084580246841,-2.960000000000001
2024-03-13 10:00:00,29.06,56.8,1017.75,3.5,0.8340158194553852,26.389999999999997,3.3546286431337258,2.5199999999999996
2024-03-13 11:00:00,28.15,64.24,1021.55,3.47,0.6493678621305327,27.261428571428574,2.7829087215323556,-0.9100000000000001
2024-03-13 12:00:00,20.86,65.23,1012.48,3.08,-0.8298448949004279,26.062857142857137,3.498460205508089,-7.289999999999999
2024-03-13 13:00:00,22.2,54.26,1012.16,3.74,-0.5579457049935024,25.407142857142855,3.759843588438713,1.3399999999999999
2024-03-13 14:00:00,28.74,59.76,1013.35,3.48,0.7690846696268655,26.435714285714283,3.5015703959930793,6.539999999999999
2024-03-13 15:00:00,28.05,81.42,1018.81,1.76,0.6290768778091207,26.228571428571428,3.328705597132441,-0.6899999999999977
2024-03-13 16:00:00,24.9,77.28,1008.36,3.87,-0.010089128315368876,25.994285714285716,3.360693664224961,-3.150000000000002
2024-03-13 17:00:00,25.59,64.36,1014.19,3.89,0.12991866350237663,25.49857142857143,3.077073439549476,0.6900000000000013
2024-03-13 18:00:00,31.39,60.38,1017.88,2.24,1.3067957541442934,25.96142857142857,3.7190833484046637,5.800000000000001
2024-03-13 19:00:00,22.04,61.2,1015.51,3.04,-0.5904112799077621,26.13,3.467554373522242,-9.350000000000001
2024-03-13 20:00:00,27.74,66.14,1013.95,3.68,0.566174826412742,26.92142857142857,3.0250698535814857,5.699999999999999
2024-03-13 21:00:00,23.99,49.77,1018.01,2.79,-0.19473708564022132,26.242857142857144,3.0813726069492207,-3.75
2024-03-13 22:00:00,23.91,57.43,999.48,4.07,-0.21096987309735088,25.65142857142857,3.0740062273382227,-0.0799999999999983
2024-03-13 23:00:00,30.49,43.31,1016.39,5.36,1.1241768952515818,26.449999999999996,3.537423732982318,6.579999999999998
2024-03-14 00:00:00,29.13,63.99,1009.73,2.21,0.8482195084803739,26.955714285714286,3.645379985419234,-1.3599999999999994
2024-03-14 01:00:00,29.07,66.47,1003.85,1.62,0.8360449178875267,26.624285714285715,3.2601424158199683,-0.05999999999999872
2024-03-14 02:00:00,31.53,55.17,1015.56,3.3,1.3352031321942708,27.98,2.9987719708796194,2.460000000000001
2024-03-14 03:00:00,25.11,75.74,1019.87,3.72,0.03252193875959724,27.604285714285712,3.1923599271952097,-6.420000000000002
2024-03-14 04:00:00,28.41,47.74,1012.31,2.77,0.7021244213662051,28.235714285714284,2.767133638158532,3.3000000000000007
2024-03-14 05:00:00,23.45,45.36,1017.76,4.45,-0.3043084009758479,28.169999999999998,2.8897289376917756,-4.960000000000001
2024-03-14 06:00:00,26.62,62.24,1021.06,1.66,0.33891580201292415,27.61714285714286,2.7381180537351524,3.1700000000000017
2024-03-14 07:00:00,24.35,70.47,1019.57,3.69,-0.12168954208313626,26.934285714285714,2.8897857887327576,-2.2699999999999996
2024-03-14 08:00:00,25.48,76.84,1021.2,2.39,0.10759858074882316,26.42142857142857,2.7633821582222127,1.129999999999999
2024-03-14 09:00:00,27.98,55.41,1016.71,4.72,0.614873188784132,25.914285714285715,1.8416012701166167,2.5
2024-03-14 10:00:00,20.91,70.79,1013.38,4.99,-0.8196994027397215,25.314285714285717,2.652827781461724,-7.07
2024-03-14 11:00:00,35.46,59.61,1004.99,2.23,2.1326388160257763,26.321428571428573,4.62739461818212,14.55
2024-03-14 12:00:00,19.97,58.27,1011.77,2.45,-1.010434655360998,25.82428571428571,5.145259491813326,-15.490000000000002
2024-03-14 13:00:00,18.93,68.84,1008.78,3.86,-1.2214608923036863,24.725714285714282,5.734285358388476,-1.0399999999999991
2024-03-14 14:00:00,30.79,66.52,1023.85,2.61,1.185049848215819,25.645714285714284,6.164437949894145,11.86
2024-03-14 15:00:00,28.96,44.24,1012.12,2.95,0.8137248351339732,26.142857142857142,6.287934780953417,-1.8299999999999983
2024-03-14 16:00:00,28.12,74.77,1013.62,3.03,0.6432805668341095,26.162857142857142,6.294970781731797,-0.8399999999999999
2024-03-14 17:00:00,28.14,73.8,1015.76,1.08,0.6473387636983918,27.195714285714285,5.868119679371618,0.019999999999999574
2024-03-14 18:00:00,24.94,53.74,1013.22,2.99,-0.001972734586803386,25.692857142857147,4.6113762019803115,-3.1999999999999993
2024-03-14 19:00:00,20.51,63.96,1021.48,2.31,-0.9008633400253707,25.77,4.502924975316957,-4.43
2024-03-14 20:00:00,25.38,64.94,1009.89,2.51,0.08730759642741051,26.69142857142857,3.3931618910755637,4.869999999999997
2024-03-14 21:00:00,21.61,62.61,1013.97,4.44,-0.6776625124898352,25.380000000000003,3.318257574892766,-3.7699999999999996
2024-03-14 22:00:00,29.88,54.5,1009.29,1.74,1.0004018908909664,25.511428571428574,3.4970865424970783,8.27
2024-03-14 23:00:00,24.26,53.28,1006.4,3.81,-0.13995142797240734,24.96,3.31689111468353,-5.619999999999997
2024-03-15 00:00:00,20.87,59.74,1009.94,2.72,-0.8278157964682863,23.92142857142857,3.2933236938358843,-3.3900000000000006
2024-03-15 01:00:00,23.39,71.73,1012.81,2.72,-0.316482991568695,23.7,3.265414726085067,2.5199999999999996
2024-03-15 02:00:00,27.06,65.44,1010.85,3.79,0.42819613302713805,24.635714285714283,3.1348091762383965,3.669999999999998
2024-03-15 03:00:00,22.18,56.29,1009.54,3.34,-0.5620039018577847,24.178571428571427,3.2397501373378836,-4.879999999999999
2024-03-15 04:00:00,20.89,67.72,1005.97,3.57,-0.823757599604004,24.075714285714287,3.344621837830866,-1.2899999999999991
2024-03-15 05:00:00,26.22,31.51,1012.58,3.97,0.2577518647272743,23.552857142857142,2.4533495082282286,5.329999999999998
2024-03-15 06:00:00,26.22,71.49,1005.48,2.67,0.2577518647272743,23.832857142857144,2.6513626325954904,0.0
2024-03-15 07:00:00,22.47,42.6,1016.8,2.39,-0.5031600473256891,24.06142857142857,2.411482452568855,-3.75
2024-03-15 08:00:00,22.64,56.38,1013.41,1.91,-0.4686653739792877,23.95428571428571,2.4624097759637382,0.1700000000000017
2024-03-15 09:00:00,26.16,48.8,1005.71,2.17,0.24557727413442712,23.825714285714287,2.2907339227334513,3.5199999999999996
2024-03-15 10:00:00,17.76,47.05,1011.45,5.95,-1.4588654088642103,23.194285714285716,3.2346656557922295,-8.399999999999999
2024-03-15 11:00:00,17.96,71.61,1009.24,4.24,-1.418283440221386,22.775714285714287,3.7336303028145545,0.1999999999999993
2024-03-15 12:00:00,21.41,55.32,1014.6,1.65,-0.7182444811326597,22.08857142857143,3.423859559870139,3.4499999999999993
2024-03-15 13:00:00,23.93,63.47,1019.7,1.68,-0.2069116762330685,21.76142857142857,3.0525914049728535,2.5199999999999996
2024-03-15 14:00:00,26.55,59.53,1003.62,3.48,0.3247121129879354,22.344285714285714,3.5580933899250637,2.620000000000001
2024-03-15 15:00:00,32.38,64.77,1013.58,3.55,1.507676498926276,23.735714285714288,5.2127371477399915,5.830000000000002
2024-03-15 16:00:00,29.29,60.77,1012.2,3.55,0.8806850833946336,24.18285714285715,5.576874017720295,-3.0900000000000034
2024-03-15 17:00:00,24.2,47.17,1016.36,2.75,-0.1521260185652552,25.102857142857143,4.820642122807954,-5.09
2024-03-15 18:00:00,24.9,69.96,1014.07,2.87,-0.010089128315368876,26.094285714285714,3.6871798488947025,0.6999999999999993
2024-03-15 19:00:00,19.99,55.06,1009.24,3.33,-1.0063764584967156,25.89142857142857,4.01255292206606,-4.91
2024-03-15 20:00:00,24.91,44.43,1011.4,3.09,-0.008060029883227323,26.03142857142857,3.9493097648889925,4.920000000000002
2024-03-15 21:00:00,23.56,55.72,1009.02,0.78,-0.2819883182222944,25.604285714285712,4.04442355654818,-1.3500000000000014
2024-03-15 22:00:00,26.61,75.01,1018.38,2.77,0.3368867035807826,24.78,2.842803780307962,3.0500000000000007
2024-03-15 23:00:00,20.86,68.5,1013.11,2.15,-0.8298448949004279,23.575714285714287,2.3580843718497007,-5.75
2024-03-16 00:00:00,27.6,56.51,1022.51,3.18,0.5377674483627652,24.06142857142857,2.814163159042877,6.740000000000002
2024-03-16 01:00:00,32.66,56.51,1012.7,5.99,1.5644912550262295,25.169999999999998,4.323324338207027,5.059999999999995
2024-03-16 02:00:00,24.46,56.78,1009.46,3.37,-0.09936945932958278,25.80857142857143,3.718514168192386,-8.199999999999996
2024-03-16 03:00:00,27.01,80.77,1005.43,2.69,0.4180506408664324,26.10857142857143,3.7186486280700835,2.5500000000000007
2024-03-16 04:00:00,28.45,63.82,1003.98,3.92,0.7102408150947699,26.807142857142857,3.618036826262328,1.4399999999999977
2024-03-16 05:00:00,22.99,64.3,1005.08,3.48,-0.3976469288543449,26.29,3.898734837525275,-5.460000000000001
2024-03-16 06:00:00,26.12,70.3,1014.34,3.42,0.23746088040586236,27.041428571428575,3.1035540303090463,3.1300000000000026
2024-03-16 07:00:00,25.06,62.39,1015.54,3.61,0.02237644659889092,26.678571428571423,3.1750245593350694,-1.0600000000000023
2024-03-16 08:00:00,25.49,57.41,1005.09,5.06,0.10962767918096399,25.654285714285713,1.7689814125917562,0.4299999999999997
2024-03-16 09:00:00,21.13,58.04,1017.48,1.87,-0.7750592372326146,25.178571428571427,2.4574541607893385,-4.359999999999999
2024-03-16 10:00:00,25.12,59.28,1010.58,3.47,0.0345510371917388,24.908571428571427,2.322838985461719,3.990000000000002
2024-03-16 11:00:00,27.49,59.63,1013.73,2.07,0.5154473656092111,24.771428571428572,2.096182471155797,2.3699999999999974
2024-03-16 12:00:00,32.26,67.28,1021.06,3.56,1.4833273177405804,26.095714285714283,3.341480994723016,4.77
2024-03-16 13:00:00,29.8,60.52,1017.48,2.08,0.984169103433837,26.621428571428574,3.623522358936698,-2.4599999999999973
2024-03-16 14:00:00,35.77,67.33,1011.66,2.58,2.1955408674221553,28.15142857142857,4.893047545826036,5.970000000000002
2024-03-16 15:00:00,21.16,59.19,1008.54,2.7,-0.7689719419361907,27.532857142857146,5.519208017719304,-14.610000000000003
2024-03-16 16:00:00,29.36,60.79,1002.24,3.98,0.8948887724196224,28.708571428571428,4.751064542364605,8.2
2024-03-16 17:00:00,25.92,40.02,1009.4,3.92,0.1968789117630378,28.822857142857146,4.6590868715007225,-3.4399999999999977
2024-03-16 18:00:00,35.95,69.16,1011.94,1.75,2.232064639200697,30.03142857142857,5.307819478754675,10.030000000000001
2024-03-16 19:00:00,20.96,63.46,1008.06,3.05,-0.8095539105790153,28.41714285714286,6.16604334044048,-14.990000000000002
2024-03-16 20:00:00,20.8,69.98,1012.34,2.29,-0.842019485493275,27.131428571428568,6.741138451259365,-0.16000000000000014
2024-03-16 21:00:00,22.0,31.04,1013.38,1.74,-0.5985276736363269,25.16428571428571,5.734061553973916,1.1999999999999993
2024-03-16 22:00:00,14.38,80.88,1011.88,2.78,-2.1447006789279484,24.195714285714285,6.96391139409181,-7.619999999999999
2024-03-16 23:00:00,22.37,58.6,1009.75,2.69,-0.5234510316471009,23.197142857142858,6.591152439155865,7.99
2024-03-17 00:00:00,21.2,71.08,1013.84,5.43,-0.7608555482076259,22.52285714285714,6.507069781618832,-1.1700000000000017
2024-03-17 01:00:00,25.75,49.6,1015.21,3.43,0.16238423841663643,21.065714285714286,3.398901082913175,4.550000000000001
2024-03-17 02:00:00,26.71,66.13,1007.55,1.62,0.35717768790219523,21.88714285714286,4.009130056449106,0.9600000000000009
2024-03-17 03:00:00,34.38,49.47,1020.05,2.44,1.9134961853545231,23.82714285714286,6.123494956002686,7.670000000000002
2024-03-17 04:00:00,29.75,53.76,1012.51,4.02,0.9740236112731306,24.934285714285718,6.430974154156465,-4.630000000000003
2024-03-17 05:00:00,22.12,79.14,1013.09,5.09,-0.5741784924506319,26.04,4.762940268363642,-7.629999999999999
2024-03-17 06:00:00,20.51,58.09,1016.54,1.41,-0.9008633400253707,25.774285714285718,5.045317489655976,-1.6099999999999994
2024-03-17 07:00:00,27.46,62.17,1014.17,1.12,0.5093600703127878,26.66857142857143,4.637720088475322,6.949999999999999
2024-03-17 08:00:00,18.4,68.7,1017.77,4.87,-1.329003109207172,25.618571428571432,5.610387474947477,-9.060000000000002
2024-03-17 09:00:00,34.16,64.96,1014.44,3.39,1.868856019847415,26.68285714285714,6.489665410701623,15.759999999999998
2024-03-17 10:00:00,30.9,61.5,1009.94,2.13,1.2073699309693724,26.185714285714287,5.909071718250548,-3.259999999999998
2024-03-17 11:00:00,22.65,63.65,1014.81,3.53,-0.4666362755471469,25.17142857142857,5.803712686925571,-8.25
2024-03-17 12:00:00,16.43,84.03,1007.28,0.36,-1.728735500338995,24.358571428571427,6.640465416849997,-6.219999999999999
2024-03-17 13:00:00,31.77,59.42,1013.54,3.0,1.38390149456566,25.967142857142857,6.911101490321475,15.34
2024-03-17 14:00:00,24.43,62.01,1012.83,3.33,-0.10545675462600672,25.534285714285712,6.896890258521961,-7.34
2024-03-17 15:00:00,31.19,70.51,1011.96,3.92,1.2662137855014688,27.36142857142857,6.365564726378505,6.760000000000002
2024-03-17 16:00:00,17.03,71.06,1012.36,1.99,-1.6069895944105208,24.91428571428571,6.604553623934659,-14.16
2024-03-17 17:00:00,22.0,71.87,1003.59,3.09,-0.5985276736363269,23.642857142857142,6.097394837922474,4.969999999999999
2024-03-17 18:00:00,25.03,66.39,1010.26,2.07,0.016289151302467705,23.982857142857142,6.099160363759669,3.030000000000001
2024-03-17 19:00:00,25.23,48.57,1013.46,3.26,0.05687111994529227,25.240000000000002,5.109556406055868,0.1999999999999993
2024-03-17 20:00:00,22.75,76.33,1013.8,2.1,-0.44634529122573424,23.951428571428572,4.254050730662182,-2.4800000000000004
2024-03-17 21:00:00,28.11,48.54,1007.86,2.59,0.6412514684019679,24.47714285714286,4.540773481415216,5.359999999999999
2024-03-17 22:00:00,19.66,63.03,1019.33,2.0,-1.073336706757376,22.830000000000002,3.7162391383404128,-8.45
2024-03-17 23:00:00,24.29,52.46,1008.67,3.65,-0.13386413267598413,23.86714285714286,2.702608087790439,4.629999999999999
2024-03-18 00:00:00,25.6,59.36,1017.85,3.86,0.13194776193451818,24.381428571428568,2.6296287987180746,1.3100000000000023
2024-03-18 01:00:00,27.57,63.29,1015.14,2.77,0.5316801530663413,24.744285714285713,2.8958122472681884,1.9699999999999989
2024-03-18 02:00:00,28.56,63.21,1009.77,3.04,0.7325608978483233,25.22,3.241758781896008,0.9899999999999984
2024-03-18 03:00:00,19.38,64.22,1021.88,1.55,-1.1301514628573308,24.738571428571426,3.860835093480099,-9.18
2024-03-18 04:00:00,17.33,76.14,1007.03,2.7,-1.5461166414462841,23.19857142857143,4.403700824577066,-2.0500000000000007
2024-03-18 05:00:00,31.39,64.54,1017.6,2.95,1.3067957541442934,24.874285714285715,5.021244391392947,14.060000000000002
2024-03-18 06:00:00,26.66,57.56,1018.0,5.62,0.3470321957414889,25.21285714285714,5.05506912015293,-4.73
2024-03-18 07:00:00,21.26,69.64,1009.65,1.89,-0.748680957614778,24.592857142857145,5.261602146006196,-5.399999999999999
2024-03-18 08:00:00,32.76,71.89,1019.96,4.46,1.584782239347642,25.334285714285716,6.0566433419368915,11.499999999999996
2024-03-18 09:00:00,25.58,47.72,1011.75,4.0,0.12788956507023508,24.90857142857143,5.894688084966625,-7.18
2024-03-18 10:00:00,30.9,65.97,1014.44,3.28,1.2073699309693724,26.554285714285715,5.698794776508616,5.32
2024-03-18 11:00:00,25.34,67.01,1014.3,4.76,0.07919120269884575,27.698571428571427,4.124699700468832,-5.559999999999999
2024-03-18 12:00:00,35.3,57.02,1012.33,3.37,2.100173241111516,28.25714285714286,4.89982895717023,9.959999999999997
2024-03-18 13:00:00,33.78,73.76,1017.05,3.39,1.7917502794260487,29.274285714285718,5.24021264563078,-1.519999999999996
2024-03-18 14:00:00,23.76,58.5,1016.97,2.95,-0.24140634957946913,29.631428571428568,4.655546615137097,-10.02
2024-03-18 15:00:00,29.86,61.26,1004.26,4.22,0.9963436940266841,29.217142857142854,4.455474962656316,6.099999999999998
2024-03-18 16:00:00,28.23,58.27,1019.52,4.1,0.665600649587663,29.595714285714287,4.2001978411453536,-1.629999999999999
2024-03-18 17:00:00,31.84,60.16,1004.69,2.37,1.3981051835906488,29.73,4.263398487904557,3.6099999999999994
2024-03-18 18:00:00,20.18,49.04,1018.16,1.68,-0.9678235882860318,28.99285714285714,5.4342454682802055,-11.66
2024-03-18 19:00:00,28.43,45.6,1018.63,2.8,0.7061826182304874,28.01142857142857,4.672267217570184,8.25
2024-03-18 20:00:00,30.29,75.95,1007.55,2.2,1.0835949266087572,27.512857142857143,4.10601069281655,1.8599999999999994
2024-03-18 21:00:00,16.21,51.53,1010.95,2.94,-1.7733756658461022,26.434285714285714,5.869176140773808,-14.079999999999998
2024-03-18 22:00:00,19.08,50.09,1007.47,4.24,-1.191024415821568,24.89428571428572,6.22404171243213,2.8699999999999974
2024-03-18 23:00:00,14.8,38.47,1011.93,2.54,-2.0594785447780164,22.975714285714282,7.040754829663382,-4.279999999999998
2024-03-19 00:00:00,23.65,53.61,1011.46,2.96,-0.26372643233302334,21.805714285714284,5.912277781991316,8.849999999999998
2024-03-19 01:00:00,28.59,46.77,1016.9,3.06,0.7386481931447473,23.00714285714286,6.364088607925215,4.940000000000001
2024-03-19 02:00:00,32.51,76.42,1019.55,3.85,1.5340547785441112,23.59,7.089059646149579,3.919999999999998
2024-03-19 03:00:00,25.37,70.1,1019.98,0.75,0.08527849799526968,22.88714285714286,6.53642286036663,-7.139999999999997
2024-03-19 04:00:00,33.14,53.12,1010.19,2.39,1.6618879797690096,25.305714285714284,6.781585009280291,7.77
2024-03-19 05:00:00,18.1,82.52,1011.95,3.21,-1.3898760621714084,25.165714285714284,6.939800326481193,-15.04
2024-03-19 06:00:00,16.48,69.82,1004.58,4.2,-1.7185900081782888,25.405714285714286,6.53905410372391,-1.620000000000001
2024-03-19 07:00:00,24.72,56.75,1008.97,2.51,-0.04661290009391106,25.55857142857143,6.503582163114486,8.239999999999998
2024-03-19 08:00:00,26.92,35.01,1017.82,1.12,0.3997887549771613,25.32,6.403709862259526,2.200000000000003
2024-03-19 09:00:00,24.84,82.91,1021.08,3.62,-0.02226371890821603,24.224285714285713,5.5703855556052,-2.080000000000002
2024-03-19 10:00:00,14.66,46.1,1006.83,2.36,-2.0878859228279936,22.694285714285716,6.58219532056706,-10.18
2024-03-19 11:00:00,24.55,43.55,1010.04,1.81,-0.08110757344031169,21.467142857142857,4.8945776606557185,9.89
2024-03-19 12:00:00,18.48,70.23,1012.87,2.38,-1.3127703217500417,21.521428571428572,4.852938726762766,-6.07
2024-03-19 13:00:00,28.35,84.4,1014.4,2.82,0.6899498307733579,23.217142857142854,4.871538820146073,9.870000000000001
2024-03-19 14:00:00,26.83,73.84,1008.95,2.4,0.3815268690878895,23.518571428571427,5.042312394696904,-1.5200000000000031
2024-03-19 15:00:00,20.3,65.64,1015.12,0.79,-0.9434744071003368,22.572857142857142,4.9172882577212675,-6.529999999999998
2024-03-19 16:00:00,22.43,65.95,1010.63,3.9,-0.5112764410542538,22.228571428571428,4.815410777117624,2.129999999999999
2024-03-19 17:00:00,19.7,68.53,1012.93,4.27,-1.0652203130288111,22.94857142857143,3.7552338079513286,-2.7300000000000004
2024-03-19 18:00:00,24.69,67.59,1015.73,3.65,-0.05270019539033428,22.96857142857143,3.7655430266714482,4.990000000000002
2024-03-19 19:00:00,29.78,62.81,1013.03,1.86,0.9801109065695546,24.582857142857144,3.938754939849688,5.09
2024-03-19 20:00:00,20.07,61.04,1010.82,2.8,-0.9901436710395853,23.400000000000002,3.8614159751745296,-9.71
2024-03-19 21:00:00,27.52,59.37,1012.45,2.99,0.521534660905635,23.49857142857143,3.9708245515317544,7.449999999999999
2024-03-19 22:00:00,22.35,52.46,1012.56,3.6,-0.5275092285113834,23.791428571428572,3.7659148006446,-5.169999999999998
2024-03-19 23:00:00,21.04,57.19,1011.15,3.67,-0.7933211231218856,23.592857142857145,3.884446396788552,-1.3100000000000023
2024-03-20 00:00:00,24.46,43.07,1011.71,2.27,-0.09936945932958278,24.27285714285714,3.48554976192522,3.4200000000000017
2024-03-20 01:00:00,19.82,59.02,1020.99,3.08,-1.040871131843116,23.577142857142857,3.8548701417198945,-4.640000000000001
2024-03-20 02:00:00,22.23,50.11,1015.8,3.46,-0.5518584096970783,22.49857142857143,2.7189546310510466,2.41
2024-03-20 03:00:00,19.01,48.96,1011.52,4.46,-1.205228104846556,22.34714285714286,2.900228234040114,-3.219999999999999
2024-03-20 04:00:00,34.82,61.8,1016.48,3.7,2.002776516368737,23.389999999999997,5.3489687479612735,15.809999999999999
2024-03-20 05:00:00,25.18,73.92,1011.33,3.79,0.04672562778458595,23.794285714285714,5.364189460806575,-9.64
2024-03-20 06:00:00,21.5,69.18,1018.87,3.08,-0.6999825952433887,23.860000000000003,5.3275166197143955,-3.6799999999999997
2024-03-20 07:00:00,26.07,44.29,1014.85,4.41,0.227315388245156,24.09,5.392099158336493,4.57
2024-03-20 08:00:00,24.44,50.1,1012.46,3.41,-0.10342765619386517,24.75,5.05451613246344,-1.629999999999999
2024-03-20 09:00:00,23.9,69.41,1015.24,2.14,-0.21299897152949243,24.988571428571426,4.954164674195589,-0.5400000000000027
2024-03-20 10:00:00,28.07,50.18,1005.15,4.4,0.6331350746734031,26.282857142857143,4.26786720461057,4.170000000000002
2024-03-20 11:00:00,28.79,57.75,1007.37,3.7,0.7792301617875719,25.42142857142857,2.499889521368397,0.7199999999999989
2024-03-20 12:00:00,22.35,65.5,1007.03,2.56,-0.5275092285113834,25.017142857142858,2.760674520750982,-6.439999999999998
2024-03-20 13:00:00,22.12,50.32,1013.71,2.52,-0.5741784924506319,25.10571428571429,2.636164240854839,-0.23000000000000043
2024-03-20 14:00:00,23.62,61.05,1021.66,3.3,-0.26981372762944655,24.755714285714284,2.6494078403978762,1.5
2024-03-20 15:00:00,13.49,46.66,1024.16,3.46,-2.3252904393885183,23.19142857142857,5.029974912367586,-10.13
2024-03-20 16:00:00,17.42,53.99,1016.19,3.2,-1.5278547555570123,22.26571428571429,5.456075687228092,3.9300000000000015
2024-03-20 17:00:00,31.83,63.2,1015.5,3.31,1.3960760851585072,22.802857142857142,6.250049904562639,14.409999999999997
2024-03-20 18:00:00,33.22,44.07,1003.99,4.7,1.6781207672261391,23.435714285714287,7.120933593153003,1.3900000000000006
2024-03-20 19:00:00,23.75,64.4,1010.29,4.07,-0.24343544801161068,23.635714285714283,7.105000251332035,-9.469999999999999
2024-03-20 20:00:00,27.88,59.8,1009.06,3.19,0.5945822044627194,24.458571428571425,7.232600796789083,4.129999999999999
2024-03-20 21:00:00,26.56,65.52,1009.9,3.94,0.3267412114200762,24.87857142857143,7.261095942467233,-1.3200000000000003
2024-03-20 22:00:00,40.39,62.24,1012.16,1.97,3.1329843430714055,28.72142857142857,7.347029850153586,13.830000000000002
2024-03-20 23:00:00,30.6,73.64,1010.64,3.4,1.146496978005136,30.604285714285712,5.398514786935598,-9.79
2024-03-21 00:00:00,24.36,61.25,1003.1,4.81,-0.11966044365099542,29.537142857142857,5.836393619024575,-6.240000000000002
2024-03-21 01:00:00,20.22,55.71,1016.74,2.78,-0.959707194557467,27.68,6.499792304374049,-4.140000000000001
2024-03-21 02:00:00,16.97,61.22,1007.64,2.15,-1.6191641850033687,26.71142857142857,7.595789247057498,-3.25
2024-03-21 03:00:00,26.02,65.43,1014.2,2.35,0.2171698960844497,26.445714285714285,7.58061531614872,9.05
2024-03-21 04:00:00,21.22,60.49,1023.37,1.91,-0.7567973513433435,25.68285714285714,7.831727596313414,-4.800000000000001
2024-03-21 05:00:00,17.89,60.41,1008.4,2.22,-1.4324871292463746,22.468571428571426,4.832578430373781,-3.3299999999999983
2024-03-21 06:00:00,21.77,52.98,1000.35,2.63,-0.6451969375755754,21.207142857142856,3.2494189956857378,3.879999999999999
2024-03-21 07:00:00,19.59,53.37,1011.57,1.59,-1.0875403957823646,20.525714285714287,2.965821174328396,-2.1799999999999997
2024-03-21 08:00:00,33.44,45.97,1018.5,3.02,1.722760932733246,22.414285714285715,5.6934900168023646,13.849999999999998
2024-03-21 09:00:00,29.41,77.5,1022.79,3.9,0.9050342645803287,24.19142857142857,5.65224270701882,-4.029999999999998
2024-03-21 10:00:00,24.96,47.56,1006.85,2.09,0.0020854622774789983,24.04,5.609123520360954,-4.449999999999999
2024-03-21 11:00:00,32.4,53.07,1015.48,4.52,1.5117346957905577,25.637142857142855,6.229696927581933,7.439999999999998
2024-03-21 12:00:00,25.39,52.82,1010.67,3.51,0.08933669485955206,26.708571428571428,5.241849001295348,-7.009999999999998
2024-03-21 13:00:00,20.69,68.95,1012.47,4.03,-0.8643395682468284,26.554285714285715,5.424158482022378,-4.699999999999999
2024-03-21 14:00:00,32.62,57.05,1026.22,2.34,1.5563748612976647,28.415714285714284,4.840216445376745,11.929999999999996
2024-03-21 15:00:00,27.69,72.48,1005.49,3.85,0.5560293342520364,27.594285714285714,4.303606461031114,-4.929999999999996
2024-03-21 16:00:00,19.81,53.27,1014.27,1.91,-1.0429002302752577,26.222857142857144,5.08689071465637,-7.880000000000003
2024-03-21 17:00:00,24.05,62.79,1015.34,3.89,-0.18256249504737346,26.092857142857145,5.13593456047912,4.240000000000002
2024-03-21 18:00:00,20.62,51.65,1018.43,3.17,-0.8785432572718171,24.41,4.629884807782284,-3.4299999999999997
2024-03-21 19:00:00,18.09,81.45,1013.49,3.55,-1.39190516060355,23.367142857142856,5.163721895060148,-2.530000000000001
2024-03-21 20:00:00,29.63,48.12,1014.54,1.82,0.9496744300874356,24.64428571428571,5.486692559101077,11.54
2024-03-21 21:00:00,34.55,63.1,1011.04,2.1,1.9479908587009231,24.919999999999998,5.980549027193622,4.919999999999998
2024-03-21 22:00:00,18.01,66.34,1014.35,3.6,-1.4081379480606795,23.537142857142857,6.341542173860938,-16.539999999999996
2024-03-21 23:00:00,27.81,64.14,1011.28,2.05,0.5803785154377307,24.68,6.278452569436719,9.799999999999997
2024-03-22 00:00:00,21.75,58.15,1016.11,3.46,-0.6492551344398578,24.351428571428567,6.376337581431899,-6.059999999999999
2024-03-22 01:00:00,22.56,58.7,1011.15,1.63,-0.48489816143641795,24.628571428571426,6.22754748027243,0.8099999999999987
2024-03-22 02:00:00,22.04,60.44,1014.89,3.85,-0.5904112799077621,25.192857142857143,5.692289270834458,-0.5199999999999996
2024-03-22 03:00:00,20.68,58.53,1012.85,1.77,-0.8663686666789701,23.91428571428571,5.532440260689223,-1.3599999999999994
2024-03-22 04:00:00,25.24,69.64,1018.63,3.55,0.0589002183774331,22.584285714285716,3.1597513464556424,4.559999999999999
2024-03-22 05:00:00,20.85,82.11,1012.74,3.63,-0.8318739933325687,22.990000000000002,2.6088183787556107,-4.389999999999997
2024-03-22 06:00:00,26.35,54.43,1004.13,2.3,0.28413014434511086,22.78142857142857,2.1828225502119927,5.5
2024-03-22 07:00:00,24.75,46.3,1019.31,3.58,-0.04052560479748712,23.21,2.2403124782047144,-1.6000000000000014
2024-03-22 08:00:00,23.81,59.12,1008.47,3.26,-0.2312608574187635,23.388571428571428,2.229659380349546,-0.9400000000000013
2024-03-22 09:00:00,20.46,85.8,1009.73,2.46,-0.911008832186077,23.162857142857145,2.457286540649439,-3.349999999999998
2024-03-22 10:00:00,22.12,51.96,1010.02,1.99,-0.5741784924506319,23.368571428571432,2.267755340797162,1.6600000000000001
2024-03-22 11:00:00,28.78,76.39,1019.87,1.04,0.777201063355431,23.874285714285715,3.02344647239345,6.66
2024-03-22 12:00:00,27.5,76.78,1002.32,3.35,0.5174764640413526,24.824285714285715,2.9588672221130796,-1.2800000000000011
2024-03-22 13:00:00,20.11,54.46,1028.69,1.44,-0.9820272773110206,23.93285714285714,3.3382516096788817,-7.390000000000001
2024-03-22 14:00:00,25.5,65.69,1018.28,3.1,0.11165677761310554,24.04,3.380616314618758,5.390000000000001
2024-03-22 15:00:00,28.76,76.28,1014.12,2.74,0.7731428664911486,24.747142857142858,3.8143706963958985,3.2600000000000016
2024-03-22 16:00:00,16.65,56.21,1012.73,3.68,-1.6840953348318881,24.20285714285714,4.697640238409458,-12.110000000000003
2024-03-22 17:00:00,27.72,57.96,1014.43,2.7,0.5621166295484596,25.002857142857142,4.760233587705939,11.07
2024-03-22 18:00:00,21.69,54.18,1015.61,2.67,-0.6614297250327049,23.990000000000002,4.573219143375176,-6.029999999999998
2024-03-22 19:00:00,27.85,49.85,1016.23,3.73,0.5884949091662962,24.04,4.619668097746112,6.16
2024-03-22 20:00:00,21.18,53.51,1015.78,3.34,-0.7649137450719082,24.192857142857147,4.483658157820502,-6.670000000000002
2024-03-22 21:00:00,15.98,47.76,1013.45,3.32,-1.8200449297853505,22.832857142857144,5.376094351496278,-5.199999999999999
2024-03-22 22:00:00,16.86,60.34,1012.01,3.47,-1.6414842677569221,21.13285714285714,5.0617576469236445,0.879999999999999
2024-03-22 23:00:00,25.24,52.3,1012.24,1.46,0.0589002183774331,22.360000000000003,4.829765349717621,8.379999999999999
2024-03-23 00:00:00,26.3,62.34,1012.03,3.76,0.27398465218440454,22.157142857142862,4.591037334799559,1.0600000000000023
2024-03-23 01:00:00,20.48,44.44,1018.67,3.61,-0.9069506353217947,21.984285714285715,4.634133709561566,-5.82
2024-03-23 02:00:00,28.19,63.31,1015.97,1.98,0.6574842558590982,22.032857142857143,4.7070681401685786,7.710000000000001
2024-03-23 03:00:00,16.69,68.34,998.3,2.76,-1.6759789411033228,21.391428571428573,5.129614763220252,-11.5
2024-03-23 04:00:00,24.67,40.06,1016.28,2.96,-0.05675839225461666,22.632857142857144,4.628807313213287,7.98
2024-03-23 05:00:00,18.94,63.74,1013.97,2.87,-1.2194317938715447,22.930000000000003,4.247516921684915,-5.73
2024-03-23 06:00:00,21.74,72.28,1012.91,3.33,-0.6512842328719993,22.43,4.13477931696477,2.799999999999997
2024-03-23 07:00:00,25.24,47.9,1011.06,4.43,0.0589002183774331,22.27857142857143,3.9861653610599146,3.5
2024-03-23 08:00:00,20.7,76.73,1018.62,4.08,-0.8623104698146876,22.310000000000002,3.9704575722872257,-4.539999999999999
2024-03-23 09:00:00,23.08,64.19,1017.74,1.69,-0.3793850429650738,21.580000000000002,3.0788363602719926,2.379999999999999
2024-03-23 10:00:00,30.03,52.95,1009.14,3.62,1.0308383673730854,23.485714285714288,3.6272940196187116,6.950000000000003
2024-03-23 11:00:00,22.12,59.44,1015.04,4.33,-0.5741784924506319,23.12142857142857,3.616565721654639,-7.91
2024-03-23 12:00:00,29.18,65.58,1008.14,3.39,0.8583650006410801,24.584285714285716,3.713030465549012,7.059999999999999
2024-03-23 13:00:00,19.35,60.76,1006.1,4.09,-1.136238758153754,24.242857142857144,4.107134906824583,-9.829999999999998
2024-03-23 14:00:00,27.65,65.39,1009.87,5.01,0.547912940523471,24.587142857142858,4.301084027256812,8.299999999999997
2024-03-23 15:00:00,32.21,50.79,1017.31,4.02,1.4731818255798748,26.231428571428573,4.744615996303705,4.560000000000002
2024-03-23 16:00:00,12.64,61.69,1017.77,3.25,-2.497763806120523,24.740000000000002,7.003489606379563,-19.57
2024-03-23 17:00:00,21.02,45.86,1015.57,4.05,-0.7973793199861681,23.452857142857145,6.690171184371161,8.379999999999999
2024-03-23 18:00:00,27.89,58.89,1016.63,3.14,0.596611302894861,24.277142857142856,6.852079281224811,6.870000000000001
2024-03-23 19:00:00,23.98,50.96,1015.58,3.02,-0.19676618407236218,23.534285714285716,6.505041268490283,-3.91
2024-03-23 20:00:00,26.86,52.64,1009.79,2.65,0.38761416438431345,24.607142857142858,6.3164908883696675,2.879999999999999
2024-03-23 21:00:00,21.98,72.36,1015.16,4.56,-0.6025858705006093,23.797142857142855,6.224127018534964,-4.879999999999999
2024-03-23 22:00:00,25.43,70.91,1017.0,2.18,0.09745308858811684,22.82857142857143,5.127729934943336,3.4499999999999993
2024-03-23 23:00:00,24.22,66.09,1016.77,4.53,-0.14806782170097282,24.482857142857142,2.474339738770126,-1.2100000000000009
2024-03-24 00:00:00,30.84,49.08,1018.94,3.5,1.1951953403765252,25.885714285714283,2.926316553524002,6.620000000000001
2024-03-24 01:00:00,26.27,56.84,1016.54,1.6,0.2678973568879806,25.654285714285717,2.802842944481294,-4.57
2024-03-24 02:00:00,26.69,72.13,1014.76,3.37,0.35311949103791285,26.041428571428575,2.718942371409821,0.4200000000000017
2024-03-24 03:00:00,22.94,61.42,1018.35,0.9,-0.4077924210150505,25.481428571428573,2.9186037105176847,-3.75
2024-03-24 04:00:00,22.56,83.19,1012.87,3.63,-0.48489816143641795,25.564285714285717,2.808800794780914,-0.38000000000000256
2024-03-24 05:00:00,22.84,63.93,1008.59,3.89,-0.42808340533646316,25.194285714285716,2.9939263915626233,0.28000000000000114
2024-03-24 06:00:00,26.97,61.92,1012.18,2.41,0.4099342471378669,25.587142857142858,3.025038370476833,4.129999999999999
2024-03-24 07:00:00,22.9,56.91,1009.28,3.12,-0.41590881474361596,24.45285714285714,2.0626497059664977,-4.07
2024-03-24 08:00:00,26.45,61.34,1009.62,4.95,0.30442112866652277,24.478571428571428,2.090019366508556,3.5500000000000007
2024-03-24 09:00:00,35.38,58.48,1012.28,2.49,2.1164060285686466,25.72,4.643486477493682,8.930000000000003
2024-03-24 10:00:00,29.36,67.08,1009.04,1.94,0.8948887724196224,26.637142857142855,4.636898080562471,-6.020000000000003
2024-03-24 11:00:00,23.37,69.57,1011.46,4.48,-0.3205411884329774,26.752857142857142,4.526999426720081,-5.989999999999998
2024-03-24 12:00:00,31.01,52.14,1003.53,4.96,1.2296900137229267,27.919999999999998,4.401507317575074,7.640000000000001
2024-03-24 13:00:00,22.96,46.69,1014.07,3.0,-0.4037342241507681,27.34714285714286,4.789598849888928,-8.05
2024-03-24 14:00:00,14.81,41.64,1013.01,4.01,-2.057449446345875,26.19142857142857,6.6545058132852875,-8.15
2024-03-24 15:00:00,19.96,65.08,1008.91,4.34,-1.0124637537931387,25.264285714285712,7.052675277611223,5.15
2024-03-24 16:00:00,15.65,48.97,1016.3,2.26,-1.8870051780460113,22.445714285714285,6.230807484167805,-4.3100000000000005
2024-03-24 17:00:00,23.24,38.47,1017.69,2.51,-0.34691946805081403,21.571428571428573,5.48347039921318,7.589999999999998
2024-03-24 18:00:00,25.09,63.89,1004.96,4.23,0.028463741895314858,21.81714285714286,5.614468553911109,1.8500000000000014
2024-03-24 19:00:00,33.38,84.93,1009.19,4.69,1.7105863421403997,22.15571428571429,6.291822356950979,8.290000000000003
2024-03-24 20:00:00,26.63,59.94,1009.15,3.56,0.340944900445065,22.680000000000003,6.518824024827356,-6.7500000000000036
2024-03-24 21:00:00,23.9,68.38,1008.3,2.12,-0.21299897152949243,23.978571428571428,5.518421962153742,-2.7300000000000004
2024-03-24 22:00:00,29.15,60.82,1017.15,4.99,0.8522777053446562,25.291428571428572,5.49617269431322,5.25
2024-03-24 23:00:00,13.94,59.01,1012.03,2.47,-2.2339810099421626,25.047142857142855,6.01009626735355,-15.209999999999999
2024-03-25 00:00:00,26.18,69.19,1011.68,2.66,0.2496354709987095,25.467142857142857,5.965321210367227,12.24
2024-03-25 01:00:00,28.85,57.1,1002.98,3.34,0.7914047523804197,26.004285714285714,6.0936055477384325,2.6700000000000017
2024-03-25 02:00:00,17.61,62.67,1016.18,4.55,-1.4893018853463293,23.75142857142857,5.821332689832635,-11.240000000000002
2024-03-25 03:00:00,30.72,63.22,1006.8,3.85,1.1708461591908303,24.335714285714285,6.340512222060224,13.11
2024-03-25 04:00:00,26.69,53.32,1013.3,3.41,0.35311949103791285,24.734285714285715,6.396006194344649,-4.029999999999998
2024-03-25 05:00:00,22.92,69.92,1014.39,3.46,-0.41185061787933286,23.844285714285714,6.106032146281934,-3.7699999999999996
2024-03-25 06:00:00,28.16,58.25,1019.8,3.04,0.6513969605626743,25.875714285714285,4.384544283209895,5.239999999999998
2024-03-25 07:00:00,36.35,52.44,1006.46,3.56,2.3132285764863463,27.32857142857143,5.918725731583988,8.190000000000001
2024-03-25 08:00:00,25.91,65.37,997.9,0.47,0.19484981333089624,26.90857142857143,5.8970428424520005,-10.440000000000001
2024-03-25 09:00:00,26.24,51.02,1013.92,2.7,0.2618100615915567,28.141428571428573,4.320391296211624,0.3299999999999983
2024-03-25 10:00:00,22.7,60.28,1022.0,3.24,-0.45649078338644056,26.995714285714286,4.578321588904462,-3.539999999999999
2024-03-25 11:00:00,20.75,59.91,1019.19,1.85,-0.8521649776539814,26.147142857142857,5.158183511940726,-1.9499999999999993
2024-03-25 12:00:00,29.15,70.86,1014.05,3.39,0.8522777053446562,27.03714285714286,5.044785143378978,8.399999999999999
2024-03-25 13:00:00,20.72,64.75,1010.54,2.8,-0.8582522729504053,25.974285714285717,5.529270166254185,-8.43
2024-03-25 14:00:00,25.36,59.75,1017.04,4.76,0.08324939956312813,24.404285714285713,3.133277608420364,4.640000000000001
2024-03-25 15:00:00,22.61,68.18,1008.13,4.57,-0.47475266927571164,23.93285714285714,3.1171873769244223,-2.75
2024-03-25 16:00:00,27.39,73.9,1015.38,2.53,0.49515638128779915,24.09714285714286,3.284842534458891,4.780000000000001
2024-03-25 17:00:00,26.67,65.58,1015.53,2.85,0.34906129417363047,24.664285714285715,3.3455734792052914,-0.7199999999999989
2024-03-25 18:00:00,30.19,60.1,1018.3,2.93,1.0633039422873454,26.012857142857143,3.4068201903716373,3.5199999999999996
2024-03-25 19:00:00,22.45,46.88,1026.8,2.55,-0.5072182441899714,25.055714285714284,3.3185833179378186,-7.740000000000002
2024-03-25 20:00:00,23.65,49.35,1014.96,3.2,-0.26372643233302334,25.474285714285713,2.8292864656591217,1.1999999999999993
2024-03-25 21:00:00,20.11,56.95,1010.46,2.24,-0.9820272773110206,24.724285714285713,3.48458920172261,-3.539999999999999
2024-03-25 22:00:00,22.78,53.9,1012.87,1.87,-0.4402579959293103,24.748571428571427,3.467950540648016,2.6700000000000017
2024-03-25 23:00:00,26.89,58.13,1004.15,3.62,0.3937014596807374,24.677142857142858,3.4091285019572157,4.109999999999999
2024-03-26 00:00:00,28.78,60.57,1009.53,3.63,0.777201063355431,24.978571428571428,3.6959185983614704,1.8900000000000006
2024-03-26 01:00:00,20.39,65.3,1010.95,2.2,-0.9252125212110657,23.578571428571426,3.2180451031199193,-8.39
2024-03-26 02:00:00,29.35,59.3,1010.38,3.9,0.8928596739874816,24.564285714285717,3.8159570976923294,8.96
2024-03-26 03:00:00,31.78,64.87,1013.76,2.37,1.3859305929978016,25.725714285714286,4.63963668528351,2.4299999999999997
2024-03-26 04:00:00,27.07,60.64,1008.89,3.25,0.4302252314592796,26.720000000000002,3.9265761166695943,-4.710000000000001
2024-03-26 05:00:00,34.38,40.25,1018.61,3.82,1.9134961853545231,28.37714285714286,4.405245790667154,7.310000000000002
2024-03-26 06:00:00,21.13,50.61,1013.0,2.97,-0.7750592372326146,27.554285714285715,5.196264225841682,-13.250000000000004
2024-03-26 07:00:00,18.78,58.56,1012.95,3.45,-1.2518973687858046,26.125714285714285,6.099275522942207,-2.349999999999998
2024-03-26 08:00:00,16.11,47.9,1011.36,2.48,-1.7936666501675147,25.514285714285716,6.928277460626743,-2.6700000000000017
2024-03-26 09:00:00,32.48,66.0,1013.78,2.8,1.5279674832476873,25.96142857142857,7.307702394440697,16.369999999999997
2024-03-26 10:00:00,28.27,75.31,1017.13,2.79,0.6737170433162277,25.46,6.953761571983898,-4.209999999999997
2024-03-26 11:00:00,24.72,72.19,1008.66,2.25,-0.04661290009391106,25.124285714285715,6.919722675422899,-3.5500000000000007
2024-03-26 12:00:00,26.4,57.87,1009.71,2.82,0.29427563650581645,23.98428571428571,5.688546554680005,1.6799999999999997
2024-03-26 13:00:00,19.37,74.91,1011.48,1.45,-1.1321805612894715,23.732857142857142,5.871676973079351,-7.029999999999998
2024-03-26 14:00:00,37.23,61.49,1006.27,2.51,2.491789238514774,26.368571428571425,7.255718270374591,17.859999999999996
2024-03-26 15:00:00,25.65,56.63,1008.9,2.72,0.14209325409522378,27.73142857142857,5.746724947224094,-11.579999999999998
2024-03-26 16:00:00,25.55,53.87,1010.62,2.74,0.12180226977381187,26.74142857142857,5.377392269404166,-0.09999999999999787
2024-03-26 17:00:00,28.63,56.98,1017.37,2.76,0.746764586873312,26.79285714285714,5.396136625048567,3.0799999999999983
2024-03-26 18:00:00,27.41,56.12,1014.31,2.94,0.49921457815208153,27.177142857142854,5.3191500395135725,-1.2199999999999989
2024-03-26 19:00:00,26.12,61.7,1013.97,3.48,0.23746088040586236,27.13714285714286,5.327015156369519,-1.2899999999999991
2024-03-26 20:00:00,21.05,61.61,1017.25,3.87,-0.7912920246897441,27.37714285714286,4.942741190492437,-5.07
2024-03-26 21:00:00,27.36,60.03,1012.31,2.35,0.4890690859913752,25.967142857142857,2.4354651457556264,6.309999999999999
2024-03-26 22:00:00,34.41,64.37,1014.95,1.8,1.9195834806509458,27.21857142857143,3.9959914438156283,7.049999999999997
2024-03-26 23:00:00,31.73,71.91,1012.48,1.96,1.3757851008370954,28.101428571428567,4.241078591472667,-2.679999999999996
2024-03-27 00:00:00,32.97,69.5,1014.33,2.51,1.6273933064226083,28.72142857142857,4.6305738613820315,1.2399999999999984
2024-03-27 01:00:00,22.44,45.15,1010.09,2.65,-0.5092473426221122,28.011428571428574,5.209943789112742,-10.529999999999998
2024-03-27 02:00:00,20.05,34.46,1000.81,2.23,-0.9942018679038677,27.14428571428571,6.019473557111286,-2.3900000000000006
2024-03-27 03:00:00,24.37,69.34,1012.33,1.7,-0.11763134521885386,27.618571428571425,5.573539954019146,4.32
2024-03-27 04:00:00,25.28,46.33,1020.11,2.54,0.06701661210599859,27.321428571428573,5.64461521738914,0.9100000000000001
2024-03-27 05:00:00,30.47,57.75,1017.63,3.18,1.1201186983872993,26.75857142857143,4.976914802604222,5.189999999999998
2024-03-27 06:00:00,16.54,48.3,1017.83,3.6,-1.7064154175854416,24.58857142857143,5.706135378027837,-13.93
2024-03-27 07:00:00,32.65,41.98,1019.18,2.44,1.5624621565940886,24.54285714285714,5.6285513656881925,16.11
2024-03-27 08:00:00,24.21,65.41,1013.44,2.59,-0.15009692013311365,24.795714285714286,5.557648954797511,-8.439999999999998
2024-03-27 09:00:00,22.87,67.59,1013.99,2.07,-0.4219961100400392,25.19857142857143,5.2500045351454325,-1.3399999999999999
2024-03-27 10:00:00,19.94,54.23,1009.91,2.97,-1.0165219506574212,24.565714285714286,5.620465156143975,-2.9299999999999997
2024-03-27 11:00:00,16.73,34.09,1011.42,2.15,-1.667862547374758,23.344285714285714,6.324328309902043,-3.210000000000001
2024-03-27 12:00:00,29.12,54.54,1016.08,3.57,0.846190410048233,23.15142857142857,6.08694622004451,12.39
2024-03-27 13:00:00,25.37,63.92,1019.02,1.21,0.08527849799526968,24.412857142857145,5.3600084399364905,-3.75
2024-03-27 14:00:00,18.55,45.21,1012.3,2.64,-1.298566632725053,22.398571428571433,4.291450526226236,-6.82
2024-03-27 15:00:00,18.52,61.83,1010.75,3.3,-1.3046539280214768,21.585714285714285,4.427869529630288,-0.030000000000001137
2024-03-27 16:00:00,23.32,59.85,1013.0,3.18,-0.3306866805936837,21.65,4.4528193316144975,4.800000000000001
2024-03-27 17:00:00,33.35,65.79,1016.01,5.69,1.7044990468439758,23.565714285714282,6.154155390581917,10.030000000000001
2024-03-27 18:00:00,23.7,61.2,1005.78,3.35,-0.25358094017231697,24.56142857142857,5.378858083804986,-9.650000000000002
2024-03-27 19:00:00,17.48,50.27,1001.52,2.0,-1.5156801649641654,22.898571428571426,5.53177315927851,-6.219999999999999
2024-03-27 20:00:00,23.77,71.97,1010.25,2.9,-0.2393772511473283,22.669999999999998,5.445009947955391,6.289999999999999
2024-03-27 21:00:00,23.64,58.41,1006.9,1.22,-0.26575553076516417,23.397142857142853,5.134103992862211,-0.129999999999999
2024-03-27 22:00:00,11.52,59.73,1010.46,2.92,-2.725022830520342,22.397142857142857,6.6887236308225235,-12.120000000000001
2024-03-27 23:00:00,24.73,50.67,1012.26,2.17,-0.04458380166176951,22.59857142857143,6.7421644115507,13.21
2024-03-28 00:00:00,23.85,55.57,1010.73,3.92,-0.22314446369019802,21.24142857142857,4.9298526974999355,-0.879999999999999
2024-03-28 01:00:00,28.48,51.15,1020.26,2.45,0.7163281103911938,21.924285714285713,5.611134339100106,4.629999999999999
2024-03-28 02:00:00,34.24,58.27,1014.63,2.88,1.8850888073045458,24.31857142857143,6.83990601439188,5.760000000000002
2024-03-28 03:00:00,30.63,77.12,1014.5,2.36,1.1525842733015592,25.298571428571428,7.228603896030979,-3.610000000000003
2024-03-28 04:00:00,23.66,46.28,1016.11,4.74,-0.2616973339008818,25.301428571428573,7.227842989835504,-6.969999999999999
2024-03-28 05:00:00,19.47,43.86,1007.31,2.68,-1.1118895769680597,26.437142857142856,4.974922827829307,-4.190000000000001
2024-03-28 06:00:00,37.87,74.71,1018.2,4.83,2.6216515381718133,28.314285714285717,6.475973175626089,18.4
2024-03-28 07:00:00,25.3,57.91,1012.62,3.81,0.07107480897028098,28.52142857142857,6.33094365944349,-12.569999999999997
2024-03-28 08:00:00,25.07,53.31,1016.35,3.48,0.024405545031032472,28.034285714285716,6.4644485641155285,-0.23000000000000043
2024-03-28 09:00:00,24.88,70.4,1007.64,3.37,-0.014147325179651261,26.697142857142858,5.911253996363531,-0.19000000000000128
2024-03-28 10:00:00,25.99,53.94,1005.23,3.39,0.21108260078802576,26.034285714285712,5.651173498023386,1.1099999999999994
2024-03-28 11:00:00,24.28,78.26,1017.09,1.07,-0.13589323110812496,26.12285714285714,5.612485231712458,-1.7099999999999973
2024-03-28 12:00:00,22.13,66.78,1014.88,2.72,-0.5721493940184911,26.502857142857142,5.158674617527626,-2.150000000000002
2024-03-28 13:00:00,22.27,55.12,1008.49,3.85,-0.5437420159685136,24.274285714285714,1.5061524617697573,0.14000000000000057
2024-03-28 14:00:00,24.84,81.57,1008.65,2.95,-0.02226371890821603,24.208571428571428,1.463368586189917,2.5700000000000003
2024-03-28 15:00:00,22.28,53.94,1018.63,1.59,-0.5417129175363721,23.81,1.565992762861044,-2.5599999999999987
2024-03-28 16:00:00,21.44,67.42,1007.05,2.95,-0.7121571858362358,23.318571428571428,1.7076048388646854,-0.8399999999999999
2024-03-28 17:00:00,25.53,62.99,1021.21,4.7,0.11774407290952948,23.252857142857145,1.5926467937127837,4.09
2024-03-28 18:00:00,23.73,73.02,1008.5,4.25,-0.24749364487589307,23.17428571428572,1.546424447371538,-1.8000000000000007
2024-03-28 19:00:00,32.52,75.62,1016.19,2.94,1.5360838769762535,24.65857142857143,3.7678173547887797,8.790000000000003
2024-03-28 20:00:00,11.75,60.32,1011.36,3.95,-2.678353566581093,23.155714285714286,6.195355403157141,-20.770000000000003
2024-03-28 21:00:00,30.46,52.47,1016.02,2.63,1.1180895999551586,23.958571428571428,6.785993979198195,18.71
2024-03-28 22:00:00,31.23,64.6,1010.28,1.3,1.2743301792300337,25.237142857142857,7.244666346781639,0.7699999999999996
2024-03-28 23:00:00,14.63,53.22,1012.19,2.08,-2.0939732181244173,24.264285714285716,8.229815423492909,-16.6
2024-03-29 00:00:00,23.29,80.13,1013.2,4.56,-0.33677397589010766,23.944285714285716,8.215935445102712,8.659999999999998
2024-03-29 01:00:00,23.14,61.37,1007.99,2.73,-0.36721045237222594,23.859999999999996,8.221524595028985,-0.14999999999999858
2024-03-29 02:00:00,17.96,56.35,1016.7,2.76,-1.418283440221386,21.78,7.473178707885936,-5.18
2024-03-29 03:00:00,21.11,61.85,1010.43,2.7,-0.7791174340968969,23.117142857142856,6.088551317255768,3.1499999999999986
2024-03-29 04:00:00,19.45,46.53,1011.86,4.9,-1.115947773832342,21.544285714285714,5.238256252936494,-1.6600000000000001
2024-03-29 05:00:00,33.76,50.28,1008.03,4.63,1.7876920825617657,21.905714285714282,6.0433458093533154,14.309999999999999
2024-03-29 06:00:00,29.68,72.0,1000.19,5.22,0.9598199222481419,24.055714285714284,5.690315917248802,-4.079999999999998
2024-03-29 07:00:00,31.36,53.43,1012.04,2.84,1.3007084588478695,25.208571428571428,6.29471849667488,1.6799999999999997
2024-03-29 08:00:00,28.61,49.53,1025.06,3.3,0.7427063900090297,25.99,6.334524449396336,-2.75
2024-03-29 09:00:00,19.35,65.37,1016.92,1.48,-1.136238758153754,26.18857142857143,6.056537593299293,-9.259999999999998
2024-03-29 10:00:00,22.38,71.86,1012.9,4.48,-0.5214219332149601,26.37,5.895942107359376,3.0299999999999976
2024-03-29 11:00:00,27.45,67.19,1011.69,1.83,0.5073309718806464,27.512857142857143,5.044963542272354,5.07
2024-03-29 12:00:00,18.89,69.96,1013.11,3.22,-1.229577286032251,25.388571428571424,5.106347124156451,-8.559999999999999
2024-03-29 13:00:00,28.56,52.43,1015.74,1.9,0.7325608978483233,25.228571428571428,4.965062700414518,9.669999999999998
2024-03-29 14:00:00,23.8,45.78,1007.1,2.41,-0.23328995585090434,24.148571428571426,4.167187015127521,-4.759999999999998
2024-03-29 15:00:00,23.13,75.01,1018.57,2.16,-0.3692395508043675,23.365714285714287,3.6750458370966803,-0.6700000000000017
2024-03-29 16:00:00,28.55,56.77,1016.58,2.39,0.7305317994161825,24.68,3.6445210019058987,5.420000000000002
2024-03-29 17:00:00,27.22,57.49,1016.59,2.46,0.4606617079413978,25.37142857142857,3.5942149285178875,-1.3300000000000018
2024-03-29 18:00:00,23.2,73.28,1015.19,2.45,-0.3550358617793788,24.764285714285712,3.5431758689197306,-4.02
2024-03-29 19:00:00,30.8,65.56,1013.1,3.83,1.1870789466479605,26.465714285714284,3.081751975434625,7.600000000000001
2024-03-29 20:00:00,19.59,64.56,1016.36,1.9,-1.0875403957823646,25.184285714285718,3.8379285087264363,-11.21
2024-03-29 21:00:00,28.08,81.65,1015.96,3.22,0.635164173105544,25.795714285714286,3.9206753548457907,8.489999999999998
2024-03-29 22:00:00,27.97,53.56,1011.23,4.22,0.6128440903519905,26.487142857142857,3.7970414548071214,-0.10999999999999943
2024-03-29 23:00:00,23.45,69.28,1010.13,2.49,-0.3043084009758479,25.75857142857143,3.824445182295188,-4.52
2024-03-30 00:00:00,26.63,60.57,1013.51,2.28,0.340944900445065,25.674285714285713,3.793243366578943,3.1799999999999997
2024-03-30 01:00:00,18.74,62.69,1020.75,2.77,-1.26001376251437,25.037142857142857,4.572613090585116,-7.890000000000001
2024-03-30 02:00:00,29.62,75.28,1006.8,4.18,0.9476453316552947,24.868571428571425,4.340619881120762,10.880000000000003
2024-03-30 03:00:00,24.08,65.08,1005.66,3.19,-0.17647519975095025,25.509999999999998,3.717624689682007,-5.540000000000003
2024-03-30 04:00:00,22.39,65.38,1013.82,2.47,-0.5193928347828186,24.697142857142858,3.683945865896648,-1.6899999999999977
2024-03-30 05:00:00,30.25,70.73,1013.25,3.48,1.0754785328801924,25.02285714285714,4.098958055757222,7.859999999999999
2024-03-30 06:00:00,21.48,56.35,1013.87,1.9,-0.704040792107671,24.74142857142857,4.28820641827258,-8.77
2024-03-30 07:00:00,17.96,51.61,1014.22,3.68,-1.418283440221386,23.502857142857142,4.865095799967041,-3.5199999999999996
2024-03-30 08:00:00,17.22,49.55,1011.88,3.41,-1.5684367241998376,23.285714285714285,5.139299099886581,-0.740000000000002
2024-03-30 09:00:00,28.03,40.34,1020.45,2.69,0.6250186809448384,23.05857142857143,4.839047525327761,10.810000000000002
2024-03-30 10:00:00,18.6,80.56,1005.0,2.16,-1.2884211405643466,22.275714285714287,5.083367837509726,-9.43
2024-03-30 11:00:00,33.77,48.97,1008.86,2.11,1.789721180993908,23.90142857142857,6.691396039122238,15.170000000000002
2024-03-30 12:00:00,14.59,57.79,1012.48,3.53,-2.1020896118529824,21.664285714285715,6.831463623418847,-19.180000000000003
2024-03-30 13:00:00,33.48,57.23,1004.78,4.23,1.730877326461811,23.378571428571433,8.154948249521926,18.889999999999997
2024-03-30 14:00:00,26.06,63.07,1012.12,2.36,0.22528628981301446,24.535714285714285,7.825975673236857,-7.419999999999998
2024-03-30 15:00:00,24.52,68.16,1021.31,3.46,-0.08719486873673563,25.57857142857143,7.1454307744446615,-1.5399999999999991
2024-03-30 16:00:00,22.28,68.6,1013.1,0.91,-0.5417129175363721,24.75714285714286,7.1471549451179275,-2.2399999999999984
2024-03-30 17:00:00,27.0,54.17,1014.15,2.42,0.41602154243429085,25.957142857142856,6.627354208847126,4.719999999999999
2024-03-30 18:00:00,24.81,58.33,1006.7,2.97,-0.028351014204639965,24.677142857142858,5.661821598171708,-2.1900000000000013
2024-03-30 19:00:00,30.52,62.83,1009.92,2.09,1.1302641905480058,26.952857142857145,3.840003100197153,5.710000000000001
2024-03-30 20:00:00,25.57,57.51,1011.12,2.06,0.12586046663809425,25.822857142857142,2.5444103068341204,-4.949999999999999
2024-03-30 21:00:00,25.75,76.07,1011.41,2.33,0.16238423841663643,25.778571428571432,2.542291804464529,0.17999999999999972
2024-03-30 22:00:00,23.18,64.91,1019.41,3.29,-0.3590940586436612,25.587142857142858,2.6985039947207214,-2.5700000000000003
2024-03-30 23:00:00,24.72,67.35,1015.79,2.81,-0.04661290009391106,25.935714285714287,2.3329441852364305,1.5399999999999991
